Citing_Pmid	Ref_Pmid	Citing_Pubyear	Ref_Pubyear	MeSH_cos_sim	Year_Diff	MeSH_cos_dist	Diffusion_Z_MeSH
20299739	11777997	2010.0	2002.0	0.33281133	8.0	0.66718867	2.0794542217716416
19238541	11777997	2010.0	2002.0	0.34951806	8.0	0.6504819399999999	1.9700998102012264
20638620	11777997	2010.0	2002.0	0.48521554	8.0	0.51478446	1.0818878095890143
20013794	11777997	2010.0	2002.0	0.640852	8.0	0.359148	0.0631646062929576
20102397	11777997	2010.0	2002.0	0.45753112	8.0	0.5424688799999999	1.263097026399737
20378071	11777997	2010.0	2002.0	0.5080765	8.0	0.4919234999999999	0.9322506975548353
20967718	11777997	2010.0	2002.0	0.5870467	8.0	0.4129532999999999	0.4153488410815494
20028494	11777997	2010.0	2002.0	0.4837779	8.0	0.5162221	1.0912979261258886
20800644	11777997	2010.0	2002.0	0.63548887	8.0	0.36451113	0.0982691375402834
20109058	11777997	2010.0	2002.0	0.4262584	8.0	0.5737416	1.4677935704754677
20228724	11777997	2010.0	2002.0	0.51836497	8.0	0.4816350299999999	0.8649072028787459
20687781	11777997	2010.0	2002.0	0.54210144	8.0	0.4578985599999999	0.7095394133945803
20214939	11777997	2010.0	2002.0	0.5958725	8.0	0.4041275	0.357579297571948
20014925	11777997	2010.0	2002.0	0.5689306	8.0	0.4310694	0.5339283270402495
20410290	11777997	2010.0	2002.0	0.58201474	8.0	0.41798526	0.4482856889773297
20059339	11777997	2010.0	2002.0	0.62839407	8.0	0.37160593	0.1447083676714803
20352151	11777997	2010.0	2002.0	0.45617157	8.0	0.54382843	1.2719960024561268
20578234	11777997	2010.0	2002.0	0.5689887	8.0	0.4310113	0.5335480317154164
20404540	11777997	2010.0	2002.0	0.5251205	8.0	0.4748795	0.820688674896533
20680813	11777997	2010.0	2002.0	0.53032374	8.0	0.4696762599999999	0.7866307085285095
20680817	11777997	2010.0	2002.0	0.5917197	8.0	0.4082803	0.384761576831242
20670189	11777997	2010.0	2002.0	0.5324346	8.0	0.4675654	0.7728140099161827
20584315	11777997	2010.0	2002.0	0.3092283	8.0	0.6907717	2.233817665048538
20930032	11777997	2010.0	2002.0	0.28854337	8.0	0.71145663	2.369211506244584
20008042	11777997	2010.0	2002.0	0.39244202	8.0	0.6075579799999999	1.6891397187846535
20336144	11777997	2010.0	2002.0	0.44664168	8.0	0.5533583200000001	1.3343741885691949
20668107	11777997	2010.0	2002.0	0.5526928	8.0	0.4473072	0.6402133429708398
19560469	11777997	2010.0	2002.0	0.36764094	8.0	0.63235906	1.8514759455454128
19895889	11777997	2010.0	2002.0	0.39906707	8.0	0.6009329299999999	1.6457752516283295
21106945	11777997	2010.0	2002.0	0.6078162	8.0	0.3921837999999999	0.2794014443670685
20859204	11777997	2010.0	2002.0	0.56338656	8.0	0.43661344	0.5702170102189946
20842469	11777997	2010.0	2002.0	0.5394624	8.0	0.4605376	0.7268133303316943
21050418	11777997	2010.0	2002.0	0.52680486	8.0	0.4731951399999999	0.8096636450628821
19941452	11777997	2010.0	2002.0	0.52888113	8.0	0.4711188699999999	0.7960733563522067
19951966	11777997	2010.0	2002.0	0.59397167	8.0	0.40602833	0.3700212384033016
20563360	11777997	2010.0	2002.0	0.50162077	8.0	0.4983792299999999	0.9745068754787898
19875689	11777997	2010.0	2002.0	0.5405651	8.0	0.4594349	0.7195955737965316
20556805	11777997	2010.0	2002.0	0.54505634	8.0	0.4549436599999999	0.6901980251786088
20528755	11777997	2010.0	2002.0	0.59350216	8.0	0.40649784	0.3730944304508429
25619752	11777997	2015.0	2002.0	0.46095926	13.0	0.53904074	1.361325464831827
25813284	11777997	2015.0	2002.0	0.4705868	13.0	0.5294132	1.2907771775933503
26070113	11777997	2015.0	2002.0	0.5834587	13.0	0.4165413	0.4636791626951901
26270808	11777997	2015.0	2002.0	0.4260972	13.0	0.5739027999999999	1.6167862183166224
26265085	11777997	2015.0	2002.0	0.32485348	13.0	0.67514652	2.3586757393834703
26371341	11777997	2015.0	2002.0	0.47223428	13.0	0.52776572	1.2787048421619058
26371367	11777997	2015.0	2002.0	0.47290167	13.0	0.5270983300000001	1.27381436947417
25633820	11777997	2015.0	2002.0	0.5593276	13.0	0.4406723999999999	0.6405060337526363
26314416	11777997	2015.0	2002.0	0.4638971	13.0	0.5361028999999999	1.3397976830536478
26018921	11777997	2015.0	2002.0	0.2766053	13.0	0.7233947000000001	2.7122267463254035
26743269	11777997	2015.0	2002.0	0.55824685	13.0	0.44175315	0.6484255086582704
26338480	11777997	2015.0	2002.0	0.55037475	13.0	0.44962525	0.7061103556669569
25656611	11777997	2015.0	2002.0	0.37520146	13.0	0.62479854	1.989737905324398
26474484	11777997	2015.0	2002.0	0.4608731	13.0	0.5391269000000001	1.361956824496754
24747545	11777997	2015.0	2002.0	0.569991	13.0	0.430009	0.5623672146837181
25889431	11777997	2015.0	2002.0	0.44512132	13.0	0.5548786800000001	1.4773820629229035
24992980	11777997	2015.0	2002.0	0.48446628	13.0	0.51553372	1.189071701245218
25552694	11777997	2015.0	2002.0	0.6104488	13.0	0.3895512	0.265902230332903
25575564	11777997	2015.0	2002.0	0.6332818	13.0	0.3667182	0.0985875224723134
25861640	11777997	2015.0	2002.0	0.29508644	13.0	0.70491356	2.5768014171951683
25523899	11777997	2015.0	2002.0	0.5204644	13.0	0.4795355999999999	0.925286174536925
25727843	11777997	2015.0	2002.0	0.3643698	13.0	0.6356302	2.06910969302401
25769705	11777997	2015.0	2002.0	0.6843771	13.0	0.3156229	-0.2758264920045042
25677239	11777997	2015.0	2002.0	0.25923136	13.0	0.74076864	2.8395387813399613
22361741	11777997	2012.0	2002.0	0.52759784	10.0	0.47240216	0.9509092315900012
22413976	11777997	2012.0	2002.0	0.42747772	10.0	0.57252228	1.7037689044313291
22727190	11777997	2012.0	2002.0	0.5072563	10.0	0.4927437	1.1038687481136409
22388688	11777997	2012.0	2002.0	0.5206976	10.0	0.4793024	1.0027960294576688
22276168	11777997	2012.0	2002.0	0.586309	10.0	0.413691	0.5094268930776736
22917225	11777997	2012.0	2002.0	0.40755248	10.0	0.59244752	1.8535980263669087
22394394	11777997	2012.0	2002.0	0.47758138	10.0	0.5224186200000001	1.3270112150103306
22405796	11777997	2012.0	2002.0	0.55801094	10.0	0.44198906	0.722215972771588
22548049	11777997	2012.0	2002.0	0.41668642	10.0	0.58331358	1.7849147778834644
22383995	11777997	2012.0	2002.0	0.587942	10.0	0.412058	0.4971474446935737
22904145	11777997	2012.0	2002.0	0.46180636	10.0	0.53819364	1.44563249109615
22251563	11777997	2012.0	2002.0	0.5216818	10.0	0.4783182	0.9953952743446064
22228016	11777997	2012.0	2002.0	0.2851214	10.0	0.7148786	2.7742263959135145
22847771	11777997	2012.0	2002.0	0.5683739	10.0	0.4316261	0.6442910294608151
22624699	11777997	2012.0	2002.0	0.5352023	10.0	0.4647977	0.8937270062017875
22884677	11777997	2012.0	2002.0	0.4557717	10.0	0.5442283	1.4910105045594642
22688972	11777997	2012.0	2002.0	0.5785314	10.0	0.4214685999999999	0.5679110558162986
22430385	11777997	2012.0	2002.0	0.5211611	10.0	0.4788388999999999	0.999310711438054
22684511	11777997	2012.0	2002.0	0.5315182	10.0	0.4684817999999999	0.9214298327736564
22571670	11777997	2012.0	2002.0	0.52590877	10.0	0.47409123	0.9636103019403568
23034562	11777997	2012.0	2002.0	0.52102166	10.0	0.4789783399999999	1.000359239473987
21981277	11777997	2012.0	2002.0	0.38511005	10.0	0.61488995	2.0223553201812234
22700450	11777997	2012.0	2002.0	0.5956727	10.0	0.4043272999999999	0.4390159495172343
22652782	11777997	2012.0	2002.0	0.43654272	10.0	0.56345728	1.6356040547057524
22479345	11777997	2012.0	2002.0	0.48269707	10.0	0.51730293	1.288543455485495
22003051	11777997	2012.0	2002.0	0.5177027	10.0	0.4822973	1.025316372363695
22658631	11777997	2012.0	2002.0	0.5913074	10.0	0.4086925999999999	0.4718411032411238
22652005	11777997	2012.0	2002.0	0.4502549	10.0	0.5497451	1.5324944364917374
22454205	11777997	2012.0	2002.0	0.5309519	10.0	0.4690480999999999	0.9256881619958952
22455973	11777997	2012.0	2002.0	0.29375067	10.0	0.70624933	2.709338045908945
22457105	11777997	2012.0	2002.0	0.5945913	10.0	0.4054086999999999	0.4471476062732452
14694776	11777997	2003.0	2002.0	0.27092603	1.0	0.72907397	3.074218988526319
14633792	11777997	2003.0	2002.0	0.3885215	1.0	0.6114785	2.175563198621337
12939249	11777997	2003.0	2002.0	0.5330558	1.0	0.4669442	1.0710428838943855
12724751	11777997	2003.0	2002.0	0.19296649	1.0	0.80703351	3.669979964687468
12705474	11777997	2003.0	2002.0	0.5020095	1.0	0.4979905	1.3082963873680062
12628711	11777997	2003.0	2002.0	0.51819474	1.0	0.48180526	1.1846099933512833
13680240	11777997	2003.0	2002.0	0.4359073	1.0	0.5640927	1.813444457743992
14512886	11777997	2003.0	2002.0	0.5603693	1.0	0.4396307	0.8623151589440134
12776265	11777997	2003.0	2002.0	0.48971903	1.0	0.51028097	1.402219240230905
14678256	11777997	2003.0	2002.0	0.43274316	1.0	0.56725684	1.8376245790621848
12628964	11777997	2003.0	2002.0	0.6710821	1.0	0.3289179	0.0162562186073455
12628942	11777997	2003.0	2002.0	0.7432615	1.0	0.2567385	-0.5353333598166169
12633542	11777997	2003.0	2002.0	0.5718115	1.0	0.4281884999999999	0.7748747220015797
12900745	11777997	2003.0	2002.0	0.5192551	1.0	0.4807449	1.176506801507383
12562949	11777997	2003.0	2002.0	0.32378894	1.0	0.67621106	2.6702445825162404
12911047	11777997	2003.0	2002.0	0.45056394	1.0	0.54943606	1.701439510643964
14499856	11777997	2003.0	2002.0	0.366262	1.0	0.633738	2.3456686334258405
12957085	11777997	2003.0	2002.0	0.6707304	1.0	0.3292696	0.0189438837130646
12957092	11777997	2003.0	2002.0	0.55488247	1.0	0.44511753	0.9042451035900472
14519068	11777997	2003.0	2002.0	0.546252	1.0	0.453748	0.970198510086924
14627325	11777997	2003.0	2002.0	0.39508185	1.0	0.60491815	2.1254294943952883
12910262	11777997	2003.0	2002.0	0.52124065	1.0	0.47875935	1.1613333768538154
12615698	11777997	2003.0	2002.0	0.4040713	1.0	0.5959287	2.0567327895769703
14630442	11777997	2003.0	2002.0	0.54808694	1.0	0.45191306	0.9561760357932434
12904523	11777997	2003.0	2002.0	0.5095606	1.0	0.4904393999999999	1.250591445713778
12505991	11777997	2003.0	2002.0	0.46985385	1.0	0.53014615	1.5540274606028692
15248451	11777997	2003.0	2002.0	0.57867134	1.0	0.42132866	0.7224523375864169
12556202	11777997	2003.0	2002.0	0.45825517	1.0	0.5417448300000001	1.6426637060063292
12954753	11777997	2003.0	2002.0	0.4626637	1.0	0.5373363	1.60897404934294
12667955	11777997	2003.0	2002.0	0.5994816	1.0	0.4005184	0.5634218865118301
12590266	11777997	2003.0	2002.0	0.5039508	1.0	0.4960491999999999	1.2934611179061588
12919098	11777997	2003.0	2002.0	0.55818594	1.0	0.44181406	0.879000232828636
12707031	11777997	2003.0	2002.0	0.5030958	1.0	0.4969042	1.2999949639834678
12676808	11777997	2003.0	2002.0	0.5889224	1.0	0.4110776	0.6441145034703293
12892772	11777997	2003.0	2002.0	0.6447287	1.0	0.3552712999999999	0.2176469311380403
12947003	11777997	2003.0	2002.0	0.53632194	1.0	0.46367806	1.046083286202057
12626668	11777997	2003.0	2002.0	0.42837065	1.0	0.57162935	1.8710389735785515
14724532	11777997	2003.0	2002.0	0.3624446	1.0	0.6375554	2.374840918824107
14680341	11777997	2003.0	2002.0	0.59401083	1.0	0.40598917	0.6052291018385637
12649081	11777997	2003.0	2002.0	0.32923424	1.0	0.67076576	2.6286320070252835
12890048	11777997	2003.0	2002.0	0.47620523	1.0	0.5237947700000001	1.5054906894935176
12665618	11777997	2003.0	2002.0	0.5685941	1.0	0.4314059	0.7994618522578756
14672745	11777997	2003.0	2002.0	0.68113416	1.0	0.3188658399999999	-0.0605608723866554
12934939	11777997	2003.0	2002.0	0.49694118	1.0	0.50305882	1.3470281098832633
12769752	11777997	2003.0	2002.0	0.46269032	1.0	0.53730968	1.6087706212931412
14647535	11777997	2003.0	2002.0	0.5669225	1.0	0.4330775	0.8122360944834066
12857042	11777997	2003.0	2002.0	0.36727065	1.0	0.63272935	2.337960605535925
12878835	11777997	2003.0	2002.0	0.59447837	1.0	0.4055216299999999	0.6016561961134349
12679204	11777997	2003.0	2002.0	0.5139553	1.0	0.4860447	1.217007476876412
12898189	11777997	2003.0	2002.0	0.61848295	1.0	0.38151705	0.4182149904170139
12898588	11777997	2003.0	2002.0	0.4817948	1.0	0.5182051999999999	1.4627756134486722
12928492	11777997	2003.0	2002.0	0.5139158	1.0	0.4860841999999999	1.2173093329232585
14566083	11777997	2003.0	2002.0	0.48040134	1.0	0.51959866	1.4734243305888908
12667437	11777997	2003.0	2002.0	0.38561708	1.0	0.6143829199999999	2.1977585591170747
12923898	11777997	2003.0	2002.0	0.5339227	1.0	0.4660773	1.064418098906761
12583951	11777997	2003.0	2002.0	0.60152924	1.0	0.39847076	0.547773974720321
12679323	11777997	2003.0	2002.0	0.3958198	1.0	0.6041802000000001	2.119790135666926
14691018	11777997	2003.0	2002.0	0.48776752	1.0	0.51223248	1.4171325337494185
12690288	11777997	2003.0	2002.0	0.5885466	1.0	0.4114533999999999	0.6469863389742498
12574141	11777997	2003.0	2002.0	0.5143298	1.0	0.4856702	1.2141455758752988
14671774	11777997	2003.0	2002.0	0.4887517	1.0	0.5112483	1.4096115037700434
12531740	11777997	2003.0	2002.0	0.5320252	1.0	0.4679748	1.0789186520432443
12878832	11777997	2003.0	2002.0	0.5863431	1.0	0.4136569	0.6638253212331383
12923453	11777997	2003.0	2002.0	0.45942295	1.0	0.54057705	1.6337396185535105
12893756	11777997	2003.0	2002.0	0.61398035	1.0	0.38601965	0.4526235229874114
12674207	11777997	2003.0	2002.0	0.562713	1.0	0.437287	0.8444047787669509
12957133	11777997	2003.0	2002.0	0.5197627	1.0	0.4802373	1.172627760257275
12757870	11777997	2003.0	2002.0	0.5422927	1.0	0.4577073	1.0004551846762666
12757871	11777997	2003.0	2002.0	0.5037849	1.0	0.4962151	1.2947289133029145
12757872	11777997	2003.0	2002.0	0.5547675	1.0	0.4452325	0.9051236957345016
14529935	11777997	2003.0	2002.0	0.43897864	1.0	0.56102136	1.7899735070877574
12757868	11777997	2003.0	2002.0	0.60570866	1.0	0.39429134	0.5158351595478936
12757869	11777997	2003.0	2002.0	0.5601244	1.0	0.4398756	0.8641866664344612
12811417	11777997	2003.0	2002.0	0.41701138	1.0	0.5829886200000001	1.957845665661112
12481294	11777997	2003.0	2002.0	0.34208366	1.0	0.65791634	2.5304377000513765
12958145	11777997	2003.0	2002.0	0.4087829	1.0	0.5912170999999999	2.0207270946321194
12814831	11777997	2003.0	2002.0	0.5222225	1.0	0.4777774999999999	1.1538301525602417
12522113	11777997	2003.0	2002.0	0.48880002	1.0	0.51119998	1.40924224594261
14610014	11777997	2003.0	2002.0	0.53166866	1.0	0.46833134	1.0816433040671078
15856599	11777997	2003.0	2002.0	0.36144444	1.0	0.63855556	2.382484066768763
12600902	11777997	2003.0	2002.0	0.4805456	1.0	0.5194544	1.472321906454256
13678453	11777997	2003.0	2002.0	0.6527167	1.0	0.3472832999999999	0.1566032323479338
12791519	11777997	2003.0	2002.0	0.4179244	1.0	0.5820756	1.9508684350815744
14615542	11777997	2003.0	2002.0	0.42025563	1.0	0.57974437	1.9330533497122129
12568297	11777997	2003.0	2002.0	0.4035986	1.0	0.5964014	2.06034512763632
15030288	11777997	2003.0	2002.0	0.39063773	1.0	0.60936227	2.159391127177848
12757862	11777997	2003.0	2002.0	0.42384854	1.0	0.57615146	1.9055966001103144
12733103	11777997	2003.0	2002.0	0.46576968	1.0	0.53423032	1.5852383823965088
12960322	11777997	2003.0	2002.0	0.5788335	1.0	0.4211665	0.7212131229900467
12965073	11777997	2003.0	2002.0	0.6113736	1.0	0.3886264	0.4725441115979659
12537212	11777997	2003.0	2002.0	0.6767264	1.0	0.3232736	-0.0268771000056983
12965310	11777997	2003.0	2002.0	0.62226295	1.0	0.37773705	0.3893285130225969
12783394	11777997	2003.0	2002.0	0.6050512	1.0	0.3949488	0.5208594197139607
12957863	11777997	2003.0	2002.0	0.43081445	1.0	0.56918555	1.852363636685304
12971622	11777997	2003.0	2002.0	0.5890925	1.0	0.4109075	0.64281461198758
12788375	11777997	2003.0	2002.0	0.5259321	1.0	0.4740679	1.1254816667024825
12798841	11777997	2003.0	2002.0	0.60828483	1.0	0.39171517	0.4961482610110749
14596947	11777997	2003.0	2002.0	0.4217903	1.0	0.5782096999999999	1.9213255163093312
12799293	11777997	2003.0	2002.0	0.64365226	1.0	0.35634774	0.2258730051397461
12801836	11777997	2003.0	2002.0	0.5669579	1.0	0.4330421	0.8119655703300301
12805561	11777997	2003.0	2002.0	0.5622542	1.0	0.4377457999999999	0.8479108940655111
12750394	11777997	2003.0	2002.0	0.533415	1.0	0.466585	1.0682979043493923
14557056	11777997	2003.0	2002.0	0.5793226	1.0	0.4206774	0.7174754573568166
12538864	11777997	2003.0	2002.0	0.5078123	1.0	0.4921877	1.2639518236049578
14505575	11777997	2003.0	2002.0	0.67979395	1.0	0.32020605	-0.0503190877652868
14505565	11777997	2003.0	2002.0	0.6025098	1.0	0.3974902	0.5402806085103025
12730096	11777997	2003.0	2002.0	0.5220769	1.0	0.4779231	1.1549428168746936
23282236	11777997	2013.0	2002.0	0.52882284	11.0	0.47117716	0.9135695218882276
23874657	11777997	2013.0	2002.0	0.638164	11.0	0.361836	0.0987010946661658
23254697	11777997	2013.0	2002.0	0.45077136	11.0	0.5492286399999999	1.495250626697745
23545574	11777997	2013.0	2002.0	0.4129559	11.0	0.5870441	1.7770715294106745
23281411	11777997	2013.0	2002.0	0.64656717	11.0	0.35343283	0.0360762064577397
23498165	11777997	2013.0	2002.0	0.4653325	11.0	0.5346675000000001	1.386733273759838
23378254	11777997	2013.0	2002.0	0.40537378	11.0	0.59462622	1.833577516720567
23775735	11777997	2013.0	2002.0	0.5582	11.0	0.4417999999999999	0.6946353148114883
22736676	11777997	2013.0	2002.0	0.7121428	11.0	0.2878572	-0.4526282345980885
23135991	11777997	2013.0	2002.0	0.42282078	11.0	0.57717922	1.703553201542794
24126344	11777997	2013.0	2002.0	0.5393275	11.0	0.4606725	0.8352832134870504
23949886	11777997	2013.0	2002.0	0.48069823	11.0	0.51930177	1.2722196885900912
23394400	11777997	2013.0	2002.0	0.4504538	11.0	0.5495462	1.497617252566253
23934537	11777997	2013.0	2002.0	0.64488196	11.0	0.35511804	0.0486352868830698
23323616	11777997	2013.0	2002.0	0.4674195	11.0	0.5325805	1.3711798407469409
23354783	11777997	2013.0	2002.0	0.5767706	11.0	0.4232294	0.5562373353628522
23547965	11777997	2013.0	2002.0	0.5383682	11.0	0.4616318	0.8424324268503814
22507976	11777997	2013.0	2002.0	0.591994	11.0	0.408006	0.4427844689859788
23757309	11777997	2013.0	2002.0	0.53889066	11.0	0.46110934	0.8385387772998697
24253457	11777997	2013.0	2002.0	0.50127614	11.0	0.49872386	1.1188621683551023
23816072	11777997	2013.0	2002.0	0.5463588	11.0	0.4536411999999999	0.7828822295179161
23463815	11777997	2013.0	2002.0	0.57342434	11.0	0.42657566	0.5811754430551077
23630447	11777997	2013.0	2002.0	0.5377711	11.0	0.4622289	0.8468823333439134
23568056	11777997	2013.0	2002.0	0.61509705	11.0	0.3849029499999999	0.2706082636344654
23658251	11777997	2013.0	2002.0	0.58843637	11.0	0.4115636299999999	0.4692978182383372
23667482	11777997	2013.0	2002.0	0.5740252	11.0	0.4259748	0.5766975150435457
22006278	11777997	2013.0	2002.0	0.48933583	11.0	0.51066417	1.2078477034476864
23044434	11777997	2013.0	2002.0	0.61252844	11.0	0.38747156	0.2897509102905548
21659438	11777997	2013.0	2002.0	0.6837893	11.0	0.3162106999999999	-0.2413228858050019
23064904	11777997	2013.0	2002.0	0.6231143	11.0	0.3768857	0.2108594563404321
23860201	11777997	2013.0	2002.0	0.5831412	11.0	0.4168588	0.5087602388837141
15170096	11777997	2004.0	2002.0	0.6394529	2.0	0.3605471	-0.2044133764107342
14992951	11777997	2004.0	2002.0	0.6217141	2.0	0.3782858999999999	-0.1354564593838673
15579450	11777997	2004.0	2002.0	0.4297704	2.0	0.5702296	0.6106958054102488
15509544	11777997	2004.0	2002.0	0.44319063	2.0	0.5568093700000001	0.558526679731428
15094278	11777997	2004.0	2002.0	-0.17978427	2.0	1.17978427	2.98024790603314
15274810	11777997	2004.0	2002.0	0.43636653	2.0	0.5636334700000001	0.5850543421146243
15170587	11777997	2004.0	2002.0	-0.041283607	2.0	1.041283607	2.441847409570184
15269336	11777997	2004.0	2002.0	0.34926715	2.0	0.65073285	0.9236400818349864
15107841	11777997	2004.0	2002.0	0.00954827	2.0	0.99045173	2.244246133012079
14871237	11777997	2004.0	2002.0	0.51528853	2.0	0.48471147	0.2782569372397508
14990857	11777997	2004.0	2002.0	0.534992	2.0	0.465008	0.2016626610806325
14702188	11777997	2004.0	2002.0	0.6854276	2.0	0.3145724	-0.3831331079165355
14702342	11777997	2004.0	2002.0	0.5997239	2.0	0.4002761	-0.0499728642813679
15671663	11777997	2004.0	2002.0	0.55073404	2.0	0.4492659599999999	0.1404678482345762
16265312	11777997	2004.0	2002.0	0.60330737	2.0	0.39669263	-0.0639030649408415
15828152	11777997	2004.0	2002.0	0.28755394	2.0	0.71244606	1.163540903842767
15001531	11777997	2004.0	2002.0	0.51229686	2.0	0.48770314	0.2898866044078663
14699629	11777997	2004.0	2002.0	0.6165841	2.0	0.3834159	-0.1155143559525285
15516935	11777997	2004.0	2002.0	0.5099709	2.0	0.4900291	0.2989284240759278
14742250	11777997	2004.0	2002.0	0.5741325	2.0	0.4258674999999999	0.0495098541889548
14699633	11777997	2004.0	2002.0	0.6013253	2.0	0.3986747	-0.0561980659256067
15582549	11777997	2004.0	2002.0	0.42643467	2.0	0.57356533	0.6236629540806228
14699637	11777997	2004.0	2002.0	0.5902712	2.0	0.4097288	-0.0132269147481489
15358665	11777997	2004.0	2002.0	0.48585293	2.0	0.5141470699999999	0.392683405029908
15277195	11777997	2004.0	2002.0	0.5371559	2.0	0.4628441	0.1932508252882205
14697368	11777997	2004.0	2002.0	0.7065939	2.0	0.2934061	-0.4654139156862704
15460845	11777997	2004.0	2002.0	0.4553671	2.0	0.5446329	0.5111924839870629
17060962	11777997	2004.0	2002.0	0.21647155	2.0	0.7835284499999999	1.439863003945446
14977395	11777997	2004.0	2002.0	0.55565137	2.0	0.44434863	0.1213524674419791
15544040	11777997	2004.0	2002.0	0.53842795	2.0	0.46157205	0.188305922233672
15539118	11777997	2004.0	2002.0	0.5792387	2.0	0.4207613	0.0296602696780191
15246732	11777997	2004.0	2002.0	0.61066085	2.0	0.3893391499999999	-0.0924886124535666
15648736	11777997	2004.0	2002.0	0.448031	2.0	0.5519689999999999	0.5397104693637962
14970913	11777997	2004.0	2002.0	0.5516974	2.0	0.4483026	0.1367229311270491
15545526	11777997	2004.0	2002.0	0.64995927	2.0	0.35004073	-0.245255309593563
15366141	11777997	2004.0	2002.0	0.60851717	2.0	0.3914828299999999	-0.084155378870001
15218958	11777997	2004.0	2002.0	0.65071684	2.0	0.34928316	-0.2482002490275745
15182763	11777997	2004.0	2002.0	0.666217	2.0	0.333783	-0.3084547897531683
15362201	11777997	2004.0	2002.0	0.634074	2.0	0.365926	-0.1835037116647642
15526158	11777997	2004.0	2002.0	0.49473724	2.0	0.5052627599999999	0.3581469861339869
15485097	11777997	2004.0	2002.0	0.46018827	2.0	0.53981173	0.4924509107316895
14718284	11777997	2004.0	2002.0	0.5234923	2.0	0.4765077	0.2463660152384032
15765600	11777997	2004.0	2002.0	0.54620737	2.0	0.45379263	0.1580645970337065
15201159	11777997	2004.0	2002.0	0.56696165	2.0	0.43303835	0.0773854550448252
15551805	11777997	2004.0	2002.0	0.5524536	2.0	0.4475464	0.1337833173619852
15174961	11777997	2004.0	2002.0	0.39782682	2.0	0.60217318	0.7348716682420687
15302801	11777997	2004.0	2002.0	0.49422336	2.0	0.50577664	0.3601446173447662
15277695	11777997	2004.0	2002.0	0.66322005	2.0	0.33677995	-0.2968045973791819
14979472	11777997	2004.0	2002.0	0.6204676	2.0	0.3795324	-0.1306108781115156
14961983	11777997	2004.0	2002.0	0.4025237	2.0	0.5974763000000001	0.7166132536680759
14720287	11777997	2004.0	2002.0	0.6136137	2.0	0.3863862999999999	-0.1039673727103362
15034100	11777997	2004.0	2002.0	0.49715158	2.0	0.5028484200000001	0.3487616025085649
15034593	11777997	2004.0	2002.0	0.57642776	2.0	0.42357224	0.0405873761535138
15336841	11777997	2004.0	2002.0	0.5109818	2.0	0.4890181999999999	0.2949987023685709
15336838	11777997	2004.0	2002.0	0.530761	2.0	0.4692389999999999	0.2181100372244908
15034594	11777997	2004.0	2002.0	0.59412134	2.0	0.4058786599999999	-0.0281937549245884
15336836	11777997	2004.0	2002.0	0.54346806	2.0	0.4565319399999999	0.1687132526575854
15238594	11777997	2004.0	2002.0	0.612443	2.0	0.387557	-0.0994164525374181
15063402	11777997	2004.0	2002.0	-0.054621022	2.0	1.054621022	2.49369460439215
15328150	11777997	2004.0	2002.0	0.52094537	2.0	0.47905463	0.2562668225468594
15238877	11777997	2004.0	2002.0	0.49840805	2.0	0.50159195	0.3438772643607334
15573071	11777997	2004.0	2002.0	0.47096896	2.0	0.52903104	0.4505425998074794
15690975	11777997	2004.0	2002.0	0.6127433	2.0	0.3872567	-0.1005838236213229
15336835	11777997	2004.0	2002.0	0.5937295	2.0	0.4062705	-0.026670535858597
15010330	11777997	2004.0	2002.0	0.58419085	2.0	0.4158091499999999	0.0104095313724628
15010325	11777997	2004.0	2002.0	0.58903706	2.0	0.41096294	-0.0084293811168132
15124922	11777997	2004.0	2002.0	0.49202907	2.0	0.5079709299999999	0.3686745896914232
15024585	11777997	2004.0	2002.0	0.3154653	2.0	0.6845346999999999	1.055039689801963
15568146	11777997	2004.0	2002.0	0.2925766	2.0	0.7074233999999999	1.144016068517144
15084163	11777997	2004.0	2002.0	0.10112978	2.0	0.89887022	1.888236787043626
15231728	11777997	2004.0	2002.0	0.5771428	2.0	0.4228572	0.0378077656978521
15192018	11777997	2004.0	2002.0	0.47822908	2.0	0.52177092	0.4223199752531073
15022334	11777997	2004.0	2002.0	0.49062994	2.0	0.50937006	0.3741134971327272
15066451	11777997	2004.0	2002.0	-0.0513383	2.0	1.0513383	2.480933516349201
15563947	11777997	2004.0	2002.0	0.537777	2.0	0.462223	0.190836392453678
15031270	11777997	2004.0	2002.0	0.42939952	2.0	0.57060048	0.612137545628692
15159329	11777997	2004.0	2002.0	0.107925646	2.0	0.892074354	1.861818880088944
15627297	11777997	2004.0	2002.0	0.29319236	2.0	0.7068076400000001	1.1416223941294483
15122675	11777997	2004.0	2002.0	0.06589338	2.0	0.93410662	2.025212992374623
15329756	11777997	2004.0	2002.0	0.71529996	2.0	0.28470004	-0.4992574145165703
15120885	11777997	2004.0	2002.0	0.04609189	2.0	0.95390811	2.102188306541215
15053188	11777997	2004.0	2002.0	0.13921471	2.0	0.86078529	1.740187349765792
15207251	11777997	2004.0	2002.0	0.42025304	2.0	0.57974696	0.647693110968394
15329815	11777997	2004.0	2002.0	0.60460347	2.0	0.3953965299999999	-0.068941458753192
15056423	11777997	2004.0	2002.0	0.043052025	2.0	0.956947975	2.114005324523146
15223912	11777997	2004.0	2002.0	0.6341632	2.0	0.3658367999999999	-0.1838504632487945
15659052	11777997	2004.0	2002.0	0.5183938	2.0	0.4816062	0.2661856671574441
15197155	11777997	2004.0	2002.0	0.6373366	2.0	0.3626633999999999	-0.1961865784591278
14594211	11777997	2004.0	2002.0	0.42201012	2.0	0.5779898800000001	0.6408627267389329
15329825	11777997	2004.0	2002.0	0.61865705	2.0	0.3813429499999999	-0.1235726372991161
15008613	11777997	2004.0	2002.0	0.5201179	2.0	0.4798821	0.2594834877176836
15054087	11777997	2004.0	2002.0	-0.041613925	2.0	1.041613925	2.443131471114284
15050743	11777997	2004.0	2002.0	-0.0049741394	2.0	1.0049741394	2.300699815337039
15194742	11777997	2004.0	2002.0	0.5590067	2.0	0.4409933	0.1083091267195088
12439633	11777997	2002.0	2002.0	0.6360471	0.0	0.3639529	0.4786193728215914
12439632	11777997	2002.0	2002.0	0.5496812	0.0	0.4503188	1.1389496297827173
12366377	11777997	2002.0	2002.0	0.28183487	0.0	0.71816513	3.1868300538273284
12451264	11777997	2002.0	2002.0	0.4689627	0.0	0.5310372999999999	1.7561013973960526
12439629	11777997	2002.0	2002.0	0.6472791	0.0	0.3527209	0.3927425459004643
12352259	11777997	2002.0	2002.0	0.39611208	0.0	0.60388792	2.313097487570269
11986419	11777997	2002.0	2002.0	0.8245301	0.0	0.1754698999999999	-0.9624705460330018
11934829	11777997	2002.0	2002.0	0.73284054	0.0	0.26715946	-0.2614370279957602
12423687	11777997	2002.0	2002.0	0.5485244	0.0	0.4514756	1.1477942089656192
12160846	11777997	2002.0	2002.0	0.56825656	0.0	0.43174344	0.9969274631411904
11967271	11777997	2002.0	2002.0	0.6119666	0.0	0.3880334	0.662732347418653
12016271	11777997	2002.0	2002.0	0.6948159	0.0	0.3051840999999999	0.0292890606810701
12093758	11777997	2002.0	2002.0	0.68862283	0.0	0.31137717	0.0766395949136579
12093763	11777997	2002.0	2002.0	0.74170804	0.0	0.25829196	-0.3292355289504519
12093766	11777997	2002.0	2002.0	0.67575365	0.0	0.32424635	0.175033856263091
12437931	11777997	2002.0	2002.0	0.47617185	0.0	0.5238281499999999	1.7009821909503224
12147178	11777997	2002.0	2002.0	0.62032735	0.0	0.3796726499999999	0.5988083195802614
11854478	11777997	2002.0	2002.0	0.45259982	0.0	0.54740018	1.8812075417773897
12370212	11777997	2002.0	2002.0	0.58406997	0.0	0.4159300299999999	0.8760224174144434
12241534	11777997	2002.0	2002.0	0.6092405	0.0	0.3907595	0.6835753689526354
11983915	11777997	2002.0	2002.0	0.5049074	0.0	0.4950926	1.481277966071994
12858578	11777997	2002.0	2002.0	0.65343034	0.0	0.34656966	0.345711832507452
12437260	11777997	2002.0	2002.0	0.56820405	0.0	0.43179595	0.9973289403653386
12445881	11777997	2002.0	2002.0	0.74550384	0.0	0.2544961599999999	-0.3582571866807951
11847012	11777997	2002.0	2002.0	0.58275515	0.0	0.41724485	0.886075174676947
12242268	11777997	2002.0	2002.0	0.49429318	0.0	0.50570682	1.562431414597881
12445876	11777997	2002.0	2002.0	0.7021769	0.0	0.2978231	-0.0269911496969936
12374903	11777997	2002.0	2002.0	0.3594008	0.0	0.6405992	2.5937819817487804
12545684	11777997	2002.0	2002.0	0.4994166	0.0	0.5005834	1.5232591342752102
11905518	11777997	2002.0	2002.0	0.44017094	0.0	0.55982906	1.9762353886954325
12234298	11777997	2002.0	2002.0	0.52812034	0.0	0.47187966	1.3037981200329534
11991840	11777997	2002.0	2002.0	0.56195945	0.0	0.43804055	1.0450734590077588
12106538	11777997	2002.0	2002.0	0.34482098	0.0	0.6551790200000001	2.7052553327709656
12107494	11777997	2002.0	2002.0	0.51655006	0.0	0.4834499399999999	1.3922613441238518
12446111	11777997	2002.0	2002.0	0.5112004	0.0	0.4887996	1.4331633941511737
12235112	11777997	2002.0	2002.0	0.55266815	0.0	0.44733185	1.1161122198671132
12436292	11777997	2002.0	2002.0	0.6503016	0.0	0.3496983999999999	0.3696333303227301
11994259	11777997	2002.0	2002.0	0.3582569	0.0	0.6417431	2.6025279310289684
12039793	11777997	2002.0	2002.0	0.48457175	0.0	0.51542825	1.6367588328257885
12270976	11777997	2002.0	2002.0	0.4750672	0.0	0.5249328	1.7094280453714787
12480809	11777997	2002.0	2002.0	0.6491239	0.0	0.3508761	0.3786377052394873
12324214	11777997	2002.0	2002.0	0.4837251	0.0	0.5162749	1.643232089192666
12360233	11777997	2002.0	2002.0	0.4408374	0.0	0.5591626000000001	1.971139816217704
12568982	11777997	2002.0	2002.0	0.51761097	0.0	0.48238903	1.3841499138844564
12403676	11777997	2002.0	2002.0	0.6215423	0.0	0.3784577	0.5895191412622576
12117860	11777997	2002.0	2002.0	0.4603214	0.0	0.5396786	1.8221704344752496
12360861	11777997	2002.0	2002.0	0.56027156	0.0	0.43972844	1.057978608348206
12115861	11777997	2002.0	2002.0	0.5462752	0.0	0.4537248	1.1649909823907445
12115863	11777997	2002.0	2002.0	0.60784566	0.0	0.39215434	0.6942399374411206
12457281	11777997	2002.0	2002.0	0.52719194	0.0	0.47280806	1.3108964147367967
12022604	11777997	2002.0	2002.0	0.38435417	0.0	0.6156458300000001	2.402995279773278
12611044	11777997	2002.0	2002.0	0.617046	0.0	0.382954	0.6238966320818324
12430844	11777997	2002.0	2002.0	0.6408981	0.0	0.3591019	0.4415299419638286
11778004	11777997	2002.0	2002.0	0.78532225	0.0	0.21467775	-0.662697954473216
12360137	11777997	2002.0	2002.0	0.52202463	0.0	0.47797537	1.350404266100562
12568987	11777997	2002.0	2002.0	0.6480825	0.0	0.3519175	0.3865999673081891
12172545	11777997	2002.0	2002.0	0.5436645	0.0	0.4563355	1.1849516868105257
16275869	11777997	2005.0	2002.0	0.51053125	3.0	0.48946875	1.281090562509123
15760308	11777997	2005.0	2002.0	0.39874586	3.0	0.60125414	2.157230147375689
16275883	11777997	2005.0	2002.0	0.63284206	3.0	0.36715794	0.3224559654647908
15734798	11777997	2005.0	2002.0	0.6359101	3.0	0.3640898999999999	0.2984096093895105
15820249	11777997	2005.0	2002.0	0.5134089	3.0	0.4865911	1.2585364248316389
15734770	11777997	2005.0	2002.0	0.6448825	3.0	0.3551175	0.228086691419132
16278163	11777997	2005.0	2002.0	0.62299496	3.0	0.37700504	0.3996345136287285
16278165	11777997	2005.0	2002.0	0.5139841	3.0	0.4860158999999999	1.2540281837348788
16286608	11777997	2005.0	2002.0	0.55003	3.0	0.44997	0.9715114804148676
15814279	11777997	2005.0	2002.0	0.49204803	3.0	0.5079519699999999	1.425956369192781
16287425	11777997	2005.0	2002.0	0.64607203	3.0	0.35392797	0.2187635202928665
16353069	11777997	2005.0	2002.0	0.60914415	3.0	0.39085585	0.5081929122125298
15973694	11777997	2005.0	2002.0	0.4171292	3.0	0.5828708	2.0131471694833105
15932947	11777997	2005.0	2002.0	0.5732316	3.0	0.4267684	0.7896644591517127
15490202	11777997	2005.0	2002.0	0.40932024	3.0	0.59067976	2.0743514017415654
16382890	11777997	2005.0	2002.0	0.5914366	3.0	0.4085634	0.646979255454737
15345590	11777997	2005.0	2002.0	0.5754981	3.0	0.4245019	0.7719003276395345
16412954	11777997	2005.0	2002.0	0.56855303	3.0	0.43144697	0.8263336551671232
15762847	11777997	2005.0	2002.0	0.65753555	3.0	0.34246445	0.1289159681761763
15639493	11777997	2005.0	2002.0	0.53726524	3.0	0.46273476	1.0715577523590043
15832102	11777997	2005.0	2002.0	0.6204729	3.0	0.3795271	0.4194016460009335
16256786	11777997	2005.0	2002.0	0.5244487	3.0	0.4755513	1.1720098600541669
15769447	11777997	2005.0	2002.0	0.6444052	3.0	0.3555948	0.2318276223570374
16183916	11777997	2005.0	2002.0	0.6327142	3.0	0.3672858	0.3234580929102558
15992820	11777997	2005.0	2002.0	0.49652135	3.0	0.50347865	1.3908958596952947
15760943	11777997	2005.0	2002.0	0.38924268	3.0	0.61075732	2.2317131561133454
16269652	11777997	2005.0	2002.0	0.654729	3.0	0.345271	0.1509128458710811
17132868	11777997	2005.0	2002.0	0.57871765	3.0	0.42128235	0.7466664826759206
16159869	11777997	2005.0	2002.0	0.4708858	3.0	0.5291142	1.5918194341876866
16003373	11777997	2005.0	2002.0	0.5617095	3.0	0.4382905	0.8799711433328122
16014065	11777997	2005.0	2002.0	0.53327477	3.0	0.46672523	1.1028338317216335
15753371	11777997	2005.0	2002.0	0.42458278	3.0	0.5754172200000001	1.9547282966147748
15653382	11777997	2005.0	2002.0	0.53462785	3.0	0.46537215	1.092228805881573
15784162	11777997	2005.0	2002.0	0.6504995	3.0	0.3495005	0.1840623690260582
16007818	11777997	2005.0	2002.0	0.56500894	3.0	0.43499106	0.8541111450638776
16194607	11777997	2005.0	2002.0	0.58388567	3.0	0.41611433	0.7061611277508972
16429891	11777997	2005.0	2002.0	0.60606056	3.0	0.39393944	0.532361144416208
16168894	11777997	2005.0	2002.0	0.56044817	3.0	0.43955183	0.8898570608268578
16182134	11777997	2005.0	2002.0	0.6409822	3.0	0.3590178	0.2586560459909158
15968888	11777997	2005.0	2002.0	0.40696594	3.0	0.5930340599999999	2.0928036827118364
15949500	11777997	2005.0	2002.0	0.52610636	3.0	0.47389364	1.159017629636132
15938024	11777997	2005.0	2002.0	0.41913068	3.0	0.58086932	1.997460183408308
15757365	11777997	2005.0	2002.0	0.6009076	3.0	0.3990924	0.5727484636824736
16297801	11777997	2005.0	2002.0	0.6190453	3.0	0.3809547	0.4305907367341276
15795157	11777997	2005.0	2002.0	0.4705732	3.0	0.5294268	1.5942694970646805
15809013	11777997	2005.0	2002.0	0.3973132	3.0	0.6026868000000001	2.168458896836196
16168287	11777997	2005.0	2002.0	0.57283694	3.0	0.42716306	0.7927576831281503
15970570	11777997	2005.0	2002.0	0.6081849	3.0	0.3918150999999999	0.5157112193614625
15944941	11777997	2005.0	2002.0	0.5789127	3.0	0.4210873	0.7451377406280716
16371205	11777997	2005.0	2002.0	0.45615104	3.0	0.54384896	1.7073059616266348
16307987	11777997	2005.0	2002.0	0.57960147	3.0	0.42039853	0.7397393727208831
15957005	11777997	2005.0	2002.0	0.49445835	3.0	0.5055416500000001	1.407065020652552
16364868	11777997	2005.0	2002.0	0.7122502	3.0	0.2877497999999999	-0.2999206690366076
16364866	11777997	2005.0	2002.0	0.6203392	3.0	0.3796608	0.4204495455743632
16364842	11777997	2005.0	2002.0	0.5090988	3.0	0.4909012	1.2923176660540685
16158493	11777997	2005.0	2002.0	0.6629757	3.0	0.3370243	0.0862777418157205
15867193	11777997	2005.0	2002.0	0.2415168	3.0	0.7584832	3.389543273065554
16091422	11777997	2005.0	2002.0	0.48714548	3.0	0.51285452	1.4643810517187144
16093512	11777997	2005.0	2002.0	0.61108977	3.0	0.38891023	0.4929437396765833
16230517	11777997	2005.0	2002.0	0.55152965	3.0	0.44847035	0.9597576838906072
16253213	11777997	2005.0	2002.0	0.58989006	3.0	0.41010994	0.6591005614105468
16086558	11777997	2005.0	2002.0	0.5156092	3.0	0.4843908	1.2412911486056315
15838563	11777997	2005.0	2002.0	0.65704304	3.0	0.34295696	0.1327761104268102
15912489	11777997	2005.0	2002.0	0.5971634	3.0	0.4028366	0.6020943543543885
16077394	11777997	2005.0	2002.0	0.51204324	3.0	0.48795676	1.2692400488514577
16129194	11777997	2005.0	2002.0	0.31817058	3.0	0.68182942	2.7887544670538458
16152682	11777997	2005.0	2002.0	0.586779	3.0	0.4132209999999999	0.6834840950449058
16023094	11777997	2005.0	2002.0	0.58298767	3.0	0.41701233	0.7131993761947254
15705929	11777997	2005.0	2002.0	0.4491381	3.0	0.5508619	1.7622712333879458
16023517	11777997	2005.0	2002.0	0.44867635	3.0	0.55132365	1.7658902881974532
16205656	11777997	2005.0	2002.0	0.6470796	3.0	0.3529204	0.2108664958111881
15912272	11777997	2005.0	2002.0	0.3767158	3.0	0.6232842000000001	2.329894997612251
15897328	11777997	2005.0	2002.0	0.54130566	3.0	0.45869434	1.0398901802238032
16524054	11777997	2005.0	2002.0	0.6120122	3.0	0.3879878	0.4857140163892334
16236965	11777997	2005.0	2002.0	0.41030148	3.0	0.58969852	2.066660743720384
15621033	11777997	2005.0	2002.0	0.5944293	3.0	0.4055706999999999	0.6235233911809689
15569828	11777997	2005.0	2002.0	0.6573759	3.0	0.3426241	0.1301672558867073
15710285	11777997	2005.0	2002.0	0.4651879	3.0	0.5348121	1.6364778259561568
16234894	11777997	2005.0	2002.0	0.38629594	3.0	0.61370406	2.254808800010188
16245507	11777997	2005.0	2002.0	0.6242577	3.0	0.3757423	0.3897375449873484
15661098	11777997	2005.0	2002.0	0.44370067	3.0	0.55629933	1.804888141223048
15860518	11777997	2005.0	2002.0	0.4929402	3.0	0.5070598	1.4189638144999863
15682165	11777997	2005.0	2002.0	0.657733	3.0	0.342267	0.1273684156647798
15861360	11777997	2005.0	2002.0	0.3281636	3.0	0.6718364	2.7104322427062515
15682436	11777997	2005.0	2002.0	0.58066195	3.0	0.41933805	0.7314276558949246
16027887	11777997	2005.0	2002.0	0.62274617	3.0	0.37725383	0.4015844533061671
16143261	11777997	2005.0	2002.0	0.52403396	3.0	0.47596604	1.1752604649089475
15837094	11777997	2005.0	2002.0	0.50668746	3.0	0.49331254	1.3112170090413062
16049339	11777997	2005.0	2002.0	0.4998655	3.0	0.5001344999999999	1.3646854381658655
15888060	11777997	2005.0	2002.0	0.60837626	3.0	0.39162374	0.514211398401317
15894895	11777997	2005.0	2002.0	0.51003426	3.0	0.48996574	1.284985817625045
16061116	11777997	2005.0	2002.0	0.5426551	3.0	0.4573449	1.029313683586789
16038708	11777997	2005.0	2002.0	0.5947373	3.0	0.4052627	0.6211093816924401
15680354	11777997	2005.0	2002.0	0.49062216	3.0	0.50937784	1.4371319007168355
17631436	11777997	2007.0	2002.0	0.5934944	5.0	0.4065056	0.598816917088251
17567755	11777997	2007.0	2002.0	0.44215336	5.0	0.55784664	1.778908562531951
18167221	11777997	2007.0	2002.0	0.5174462	5.0	0.4825538	1.1918077242812743
17324640	11777997	2007.0	2002.0	0.4324312	5.0	0.5675688	1.854717740212156
17585951	11777997	2007.0	2002.0	0.18907668	5.0	0.81092332	3.7522905065481207
17721612	11777997	2007.0	2002.0	0.5329705	5.0	0.4670295	1.0707559809381488
17599898	11777997	2007.0	2002.0	0.47997972	5.0	0.52002028	1.4839550495024003
17631435	11777997	2007.0	2002.0	0.6128593	5.0	0.3871407	0.4478178443657909
17150015	11777997	2007.0	2002.0	0.5300645	5.0	0.4699354999999999	1.0934157057666511
16980351	11777997	2007.0	2002.0	0.4987896	5.0	0.5012104	1.3372837814854857
17216393	11777997	2007.0	2002.0	0.6459972	5.0	0.3540027999999999	0.1894229044502937
17230208	11777997	2007.0	2002.0	0.48476106	5.0	0.5152389399999999	1.44667223852115
17230214	11777997	2007.0	2002.0	0.64420056	5.0	0.3557994399999999	0.2034323222121247
17362983	11777997	2007.0	2002.0	0.56994265	5.0	0.43005735	0.7824632261831181
17690178	11777997	2007.0	2002.0	0.48528337	5.0	0.51471663	1.4425994921773189
17070610	11777997	2007.0	2002.0	0.46825287	5.0	0.5317471300000001	1.5753959284098769
17628855	11777997	2007.0	2002.0	0.560474	5.0	0.439526	0.8562956430783004
17127279	11777997	2007.0	2002.0	0.60232	5.0	0.39768	0.5299987245739938
17709737	11777997	2007.0	2002.0	0.63171387	5.0	0.36828613	0.3007981031545937
17333393	11777997	2007.0	2002.0	0.39627188	5.0	0.60372812	2.13667239994573
17577135	11777997	2007.0	2002.0	0.4804689	5.0	0.5195311	1.4801406364977183
17431420	11777997	2007.0	2002.0	0.65321624	5.0	0.34678376	0.1331319684812806
16960017	11777997	2007.0	2002.0	0.49939606	5.0	0.50060394	1.3325548700197276
17332885	11777997	2007.0	2002.0	0.2630574	5.0	0.7369426	3.175421009708997
17576022	11777997	2007.0	2002.0	0.492622	5.0	0.507378	1.3853760453713333
17951368	11777997	2007.0	2002.0	0.36500314	5.0	0.63499686	2.380492442662176
17580196	11777997	2007.0	2002.0	0.51668364	5.0	0.48331636	1.1977538356939454
17702975	11777997	2007.0	2002.0	0.47782278	5.0	0.52217722	1.5007739300500915
17652881	11777997	2007.0	2002.0	0.58683085	5.0	0.41316915	0.6507763834960167
17380307	11777997	2007.0	2002.0	0.6593792	5.0	0.3406207999999999	0.0850758852985315
17124006	11777997	2007.0	2002.0	0.5868866	5.0	0.4131133999999999	0.6503416692292618
17694566	11777997	2007.0	2002.0	0.32902092	5.0	0.67097908	2.661066153577055
17638430	11777997	2007.0	2002.0	0.35591877	5.0	0.6440812300000001	2.451328411155054
17682840	11777997	2007.0	2002.0	0.59762406	5.0	0.40237594	0.566615623476663
17716688	11777997	2007.0	2002.0	0.65012103	5.0	0.34987897	0.1572670706445393
17640547	11777997	2007.0	2002.0	0.580104	5.0	0.419896	0.7032294357887261
17431198	11777997	2007.0	2002.0	0.22139335	5.0	0.77860665	3.5002991612027925
17218398	11777997	2007.0	2002.0	0.6614379	5.0	0.3385621	0.0690230375681676
17218403	11777997	2007.0	2002.0	0.4594039	5.0	0.5405961	1.6443963500257313
18496977	11777997	2007.0	2002.0	0.4221913	5.0	0.5778087000000001	1.9345640293626667
17290032	11777997	2007.0	2002.0	0.57237506	5.0	0.4276249399999999	0.7634963503159127
17284988	11777997	2007.0	2002.0	0.5782671	5.0	0.4217328999999999	0.7175527835304586
17150190	11777997	2007.0	2002.0	0.41360855	5.0	0.58639145	2.0014885831382445
18038427	11777997	2007.0	2002.0	0.48846716	5.0	0.51153284	1.417773681677753
17261360	11777997	2007.0	2002.0	0.34547788	5.0	0.65452212	2.532741932959824
17555531	11777997	2007.0	2002.0	0.545946	5.0	0.4540539999999999	0.969578672090167
17187464	11777997	2007.0	2002.0	0.59161174	5.0	0.4083882599999999	0.6134970814191618
17187455	11777997	2007.0	2002.0	0.6905538	5.0	0.3094462	-0.1580100946184105
17554510	11777997	2007.0	2002.0	0.48697823	5.0	0.5130217699999999	1.4293837106140574
17302697	11777997	2007.0	2002.0	0.575937	5.0	0.4240629999999999	0.7357218904894722
17826855	11777997	2007.0	2002.0	0.48576298	5.0	0.5142370199999999	1.438859701872777
17283259	11777997	2007.0	2002.0	0.60058844	5.0	0.39941156	0.5435006767846067
17293268	11777997	2007.0	2002.0	0.5674036	5.0	0.4325964	0.8022616344163629
17293265	11777997	2007.0	2002.0	0.6572469	5.0	0.3427531	0.1017026338366656
18060023	11777997	2007.0	2002.0	0.45867622	5.0	0.5413237799999999	1.6500704823599373
17273760	11777997	2007.0	2002.0	0.5294025	5.0	0.4705975	1.0985776940104466
17208206	11777997	2007.0	2002.0	0.51947075	5.0	0.48052925	1.176021163406689
17784827	11777997	2007.0	2002.0	0.57974494	5.0	0.42025506	0.7060292295935855
17498519	11777997	2007.0	2002.0	0.5852108	5.0	0.4147891999999999	0.6634088291974672
18022076	11777997	2007.0	2002.0	0.69329524	5.0	0.30670476	-0.1793866520973677
17487241	11777997	2007.0	2002.0	0.50812924	5.0	0.4918707599999999	1.2644573284926175
16920567	11777997	2006.0	2002.0	0.659403	4.0	0.340597	0.0893797121752266
16627431	11777997	2006.0	2002.0	0.7448363	4.0	0.2551637	-0.5796387734904939
16918254	11777997	2006.0	2002.0	0.5654269	4.0	0.4345731	0.8252958960376116
17077278	11777997	2006.0	2002.0	0.54134434	4.0	0.45865566	1.0138836928586852
16935028	11777997	2006.0	2002.0	0.4172576	4.0	0.5827424	1.9855928845438469
17081096	11777997	2006.0	2002.0	0.5254389	4.0	0.4745610999999999	1.1384373901014104
16771629	11777997	2006.0	2002.0	0.24056141	4.0	0.75943859	3.369280714192267
17117309	11777997	2006.0	2002.0	0.30223358	4.0	0.69776642	2.886332943462132
16610974	11777997	2006.0	2002.0	0.5633949	4.0	0.4366050999999999	0.841208257644534
16389603	11777997	2006.0	2002.0	0.44805673	4.0	0.55194327	1.744408389593732
16557410	11777997	2006.0	2002.0	0.4957523	4.0	0.5042477000000001	1.3709097887628698
16682300	11777997	2006.0	2002.0	0.64457816	4.0	0.35542184	0.2054713533389949
16682301	11777997	2006.0	2002.0	0.55884415	4.0	0.44115585	0.8768446649194878
16989721	11777997	2006.0	2002.0	0.24403426	4.0	0.7559657399999999	3.342085219602403
16623806	11777997	2006.0	2002.0	0.5176332	4.0	0.4823668	1.199562941772257
16414455	11777997	2006.0	2002.0	0.59934425	4.0	0.40065575	0.559692973818825
16623813	11777997	2006.0	2002.0	0.6321432	4.0	0.3678568	0.3028481151931407
17132773	11777997	2006.0	2002.0	0.53603816	4.0	0.4639618399999999	1.0554357868111568
17144992	11777997	2006.0	2002.0	0.46423057	4.0	0.53576943	1.6177528823828475
16780589	11777997	2006.0	2002.0	0.49711174	4.0	0.50288826	1.3602641682594656
16443759	11777997	2006.0	2002.0	0.3863629	4.0	0.6136371	2.227525777328004
16368357	11777997	2006.0	2002.0	0.49878523	4.0	0.50121477	1.3471592578138116
17045911	11777997	2006.0	2002.0	0.54811823	4.0	0.4518817699999999	0.960838128308724
16368356	11777997	2006.0	2002.0	0.5180694	4.0	0.4819306	1.1961471090296685
16645150	11777997	2006.0	2002.0	0.6148619	4.0	0.3851381	0.438176016097531
16446778	11777997	2006.0	2002.0	0.43263	4.0	0.5673699999999999	1.8652133631037555
16651472	11777997	2006.0	2002.0	0.37391883	4.0	0.62608117	2.3249738785592355
16738831	11777997	2006.0	2002.0	0.34405524	4.0	0.65594476	2.55883226584314
16738836	11777997	2006.0	2002.0	0.55810297	4.0	0.44189703	0.882648761462706
16953437	11777997	2006.0	2002.0	0.4718707	4.0	0.5281293	1.5579238906092745
16937035	11777997	2006.0	2002.0	0.4676416	4.0	0.5323584	1.591041493203683
16460265	11777997	2006.0	2002.0	0.5827802	4.0	0.4172198	0.6894041712967558
16763950	11777997	2006.0	2002.0	0.5149068	4.0	0.4850932	1.220913071046428
16549650	11777997	2006.0	2002.0	0.71102905	4.0	0.2889709499999999	-0.3148980318883037
16969166	11777997	2006.0	2002.0	0.4567252	4.0	0.5432748000000001	1.6765265838758363
16887108	11777997	2006.0	2002.0	0.5366417	4.0	0.4633583	1.0507095335019827
17110606	11777997	2006.0	2002.0	0.42809507	4.0	0.57190493	1.9007258857524192
17122447	11777997	2006.0	2002.0	0.42707998	4.0	0.57292002	1.9086749404490584
16904560	11777997	2006.0	2002.0	0.67525786	4.0	0.32474214	-0.0347778988223822
16641570	11777997	2006.0	2002.0	0.23149523	4.0	0.7685047700000001	3.4402769418268413
16643380	11777997	2006.0	2002.0	0.55302906	4.0	0.44697094	0.9223819753805128
16553971	11777997	2006.0	2002.0	0.5085017	4.0	0.4914983	1.2710706829206917
16455975	11777997	2006.0	2002.0	0.6014921	4.0	0.3985079	0.5428734039972556
16549545	11777997	2006.0	2002.0	0.5234792	4.0	0.4765207999999999	1.1537835786058823
16549553	11777997	2006.0	2002.0	0.6718429	4.0	0.3281571	-0.0080357342588105
18528477	11777997	2006.0	2002.0	0.540179	4.0	0.459821	1.0230093382696164
16854401	11777997	2006.0	2002.0	0.5617618	4.0	0.4382382	0.8539968785797047
16253262	11777997	2006.0	2002.0	0.53840715	4.0	0.46159285	1.036884494722976
16826790	11777997	2006.0	2002.0	0.2660518	4.0	0.7339481999999999	3.1696683602643647
16826794	11777997	2006.0	2002.0	0.48767644	4.0	0.51232356	1.434150932762321
17465802	11777997	2006.0	2002.0	0.5036205	4.0	0.4963795	1.309294806678424
17465787	11777997	2006.0	2002.0	0.6799483	4.0	0.3200517	-0.071508202648945
16534014	11777997	2006.0	2002.0	0.47166505	4.0	0.5283349500000001	1.55953431244218
16481411	11777997	2006.0	2002.0	0.49964425	4.0	0.50035575	1.3404323695915776
16829790	11777997	2006.0	2002.0	0.5462106	4.0	0.4537894	0.9757765625470188
16507351	11777997	2006.0	2002.0	0.5556151	4.0	0.4443848999999999	0.902130989351985
17848721	11777997	2006.0	2002.0	0.55241364	4.0	0.4475863599999999	0.9272012596227036
16860669	11777997	2006.0	2002.0	0.5720731	4.0	0.4279269	0.7732502573998492
17173496	11777997	2006.0	2002.0	0.3282978	4.0	0.6717022	2.682226991866464
17168694	11777997	2006.0	2002.0	0.38294092	4.0	0.61705908	2.254322914715631
16501638	11777997	2006.0	2002.0	0.63508993	4.0	0.36491007	0.2797726066705184
16488724	11777997	2006.0	2002.0	0.387266	4.0	0.612734	2.220453703623668
16503148	11777997	2006.0	2002.0	0.5879668	4.0	0.4120332	0.6487884947660136
16501639	11777997	2006.0	2002.0	0.64945525	4.0	0.3505447499999999	0.1672794145252601
16501636	11777997	2006.0	2002.0	0.5763772	4.0	0.4236227999999999	0.7395453383091217
16140337	11777997	2006.0	2002.0	0.44119853	4.0	0.55880147	1.798114176194421
16501641	11777997	2006.0	2002.0	0.5263236	4.0	0.4736764	1.1315094047108376
17170503	11777997	2006.0	2002.0	0.4295861	4.0	0.5704138999999999	1.889049798879008
16835014	11777997	2006.0	2002.0	0.4278976	4.0	0.5721024	1.902272250932793
17004246	11777997	2006.0	2002.0	0.5424481	4.0	0.4575519	1.0052402734456647
16520257	11777997	2006.0	2002.0	0.55564034	4.0	0.44435966	0.9019333377737578
16528017	11777997	2006.0	2002.0	0.5711133	4.0	0.4288866999999999	0.7807663423754024
17395668	11777997	2008.0	2002.0	0.54660255	6.0	0.45339745	0.9397207796867976
18365026	11777997	2008.0	2002.0	0.43096364	6.0	0.56903636	1.8357954050246608
18290252	11777997	2008.0	2002.0	0.5736418	6.0	0.4263582	0.7301962709105839
18334721	11777997	2008.0	2002.0	0.4940831	6.0	0.5059169	1.3466888709780478
18393120	11777997	2008.0	2002.0	0.5740157	6.0	0.4259843	0.7272989563093493
19100466	11777997	2008.0	2002.0	0.50971246	6.0	0.4902875399999999	1.2255784860196404
18682720	11777997	2008.0	2002.0	0.39778313	6.0	0.60221687	2.0929079380532865
18291721	11777997	2008.0	2002.0	0.5174996	6.0	0.4825004	1.1652366983120823
18452881	11777997	2008.0	2002.0	0.6139012	6.0	0.3860987999999999	0.4182301102875962
20443822	11777997	2008.0	2002.0	0.4630623	6.0	0.5369377	1.5870660220397514
18154463	11777997	2008.0	2002.0	0.38899496	6.0	0.61100504	2.161006609513917
17689256	11777997	2008.0	2002.0	0.4440764	6.0	0.5559236000000001	1.734185907804865
18288183	11777997	2008.0	2002.0	0.5327118	6.0	0.4672882	1.0473588454720248
18358589	11777997	2008.0	2002.0	0.614136	6.0	0.385864	0.4164106680079231
19060539	11777997	2008.0	2002.0	0.5354866	6.0	0.4645133999999999	1.025857191137964
19085806	11777997	2008.0	2002.0	0.5841041	6.0	0.4158959	0.6491249295024684
18988903	11777997	2008.0	2002.0	0.61443645	6.0	0.38556355	0.4140825102867654
18243902	11777997	2008.0	2002.0	0.5918938	6.0	0.4081062	0.5887633046048075
18160823	11777997	2008.0	2002.0	0.5907987	6.0	0.4092013	0.5972491276051065
17761504	11777997	2008.0	2002.0	0.42716914	6.0	0.57283086	1.865198615119296
18402842	11777997	2008.0	2002.0	0.55286455	6.0	0.44713545	0.8911971529605885
18664939	11777997	2008.0	2002.0	0.33587515	6.0	0.66412485	2.572626831840195
18329105	11777997	2008.0	2002.0	0.40548283	6.0	0.59451717	2.033243714370151
17922278	11777997	2008.0	2002.0	0.47397056	6.0	0.5260294400000001	1.5025389801246392
18307402	11777997	2008.0	2002.0	0.66546565	6.0	0.33453435	0.0186622207727005
18566313	11777997	2008.0	2002.0	0.4970566	6.0	0.5029433999999999	1.3236475097403624
18755197	11777997	2008.0	2002.0	0.5232314	6.0	0.4767686	1.1208215396296664
19028920	11777997	2008.0	2002.0	0.57347465	6.0	0.42652535	0.7314914999440055
19028646	11777997	2008.0	2002.0	0.61063576	6.0	0.38936424	0.4435336860871548
19210759	11777997	2008.0	2002.0	0.5310169	6.0	0.4689831	1.060492460122017
18772528	11777997	2008.0	2002.0	0.556942	6.0	0.4430579999999999	0.8596013909365093
19112877	11777997	2008.0	2002.0	0.5550993	6.0	0.4449007	0.873880293358801
18181953	11777997	2008.0	2002.0	0.5970161	6.0	0.4029838999999999	0.5490711019252064
18443337	11777997	2008.0	2002.0	0.37732655	6.0	0.62267345	2.2514239795759363
18295570	11777997	2008.0	2002.0	0.6162754	6.0	0.3837245999999999	0.399832666248413
18223188	11777997	2008.0	2002.0	0.5740687	6.0	0.4259313	0.7268882644830178
19124422	11777997	2008.0	2002.0	0.44949552	6.0	0.5505044800000001	1.6921936759197589
17805578	11777997	2008.0	2002.0	0.47155055	6.0	0.52844945	1.5212914013820154
17963771	11777997	2008.0	2002.0	0.560749	6.0	0.4392509999999999	0.8301013195620797
18805183	11777997	2008.0	2002.0	0.627979	6.0	0.372021	0.3091426123115145
18037937	11777997	2008.0	2002.0	0.6221501	6.0	0.3778498999999999	0.3543101894153785
18645055	11777997	2008.0	2002.0	0.6643254	6.0	0.3356746	0.0274979067156202
18480813	11777997	2008.0	2002.0	0.6373655	6.0	0.3626344999999999	0.2364075400876936
18481451	11777997	2008.0	2002.0	0.34550825	6.0	0.65449175	2.4979808802885755
18534373	11777997	2008.0	2002.0	0.5741007	6.0	0.4258993	0.7266402996067418
18079756	11777997	2008.0	2002.0	0.52420074	6.0	0.4757992599999999	1.113310218593131
18830206	11777997	2008.0	2002.0	0.55414486	6.0	0.44585514	0.8812761557498203
18006465	11777997	2008.0	2002.0	0.6148555	6.0	0.3851445	0.4108353327429109
18006457	11777997	2008.0	2002.0	0.6025614	6.0	0.3974386	0.5061011135373356
18607336	11777997	2008.0	2002.0	0.5627815	6.0	0.4372184999999999	0.8143516754673784
18467640	11777997	2008.0	2002.0	0.50210875	6.0	0.49789125	1.2844988925629726
18511408	11777997	2008.0	2002.0	0.689149	6.0	0.310851	-0.1648577464943333
18654025	11777997	2008.0	2002.0	0.53294	6.0	0.46706	1.0455905459480834
18654023	11777997	2008.0	2002.0	0.5676395	6.0	0.4323605	0.776707507687768
19096024	11777997	2009.0	2002.0	0.55080885	7.0	0.44919115	0.8821685830890026
19273382	11777997	2009.0	2002.0	0.583364	7.0	0.416636	0.6315607761451075
19273139	11777997	2009.0	2002.0	0.37110877	7.0	0.62889123	2.265490206747396
19242323	11777997	2009.0	2002.0	0.59807414	7.0	0.4019258599999999	0.5183229036352994
19382894	11777997	2009.0	2002.0	0.5018531	7.0	0.4981468999999999	1.2590273333879136
18682987	11777997	2009.0	2002.0	0.5829714	7.0	0.4170285999999999	0.6345829899885752
19416058	11777997	2009.0	2002.0	0.54195714	7.0	0.45804286	0.9503085741750016
19265462	11777997	2009.0	2002.0	0.5512442	7.0	0.4487558	0.8788172820274806
19184178	11777997	2009.0	2002.0	0.5951334	7.0	0.4048665999999999	0.5409605631820129
19341619	11777997	2009.0	2002.0	0.41860944	7.0	0.58139056	1.8998325846180035
19337897	11777997	2009.0	2002.0	0.17854144	7.0	0.82145856	3.747863234066924
19299431	11777997	2009.0	2002.0	0.5056315	7.0	0.4943685	1.2299414118745184
19346111	11777997	2009.0	2002.0	0.420418	7.0	0.579582	1.8859103862768367
19778860	11777997	2009.0	2002.0	0.46111068	7.0	0.53888932	1.5726603077648436
19344279	11777997	2009.0	2002.0	0.5027247	7.0	0.4972753	1.2523178031129096
19248173	11777997	2009.0	2002.0	0.53363305	7.0	0.4663669499999999	1.0143869746647425
19347268	11777997	2009.0	2002.0	0.60752755	7.0	0.39247245	0.4455510580673482
19151924	11777997	2009.0	2002.0	0.49833378	7.0	0.5016662199999999	1.2861188708906983
19162035	11777997	2009.0	2002.0	0.5374263	7.0	0.4625737	0.9851867386440232
19623073	11777997	2009.0	2002.0	0.55065393	7.0	0.44934607	0.8833611489795533
19203220	11777997	2009.0	2002.0	0.4661534	7.0	0.5338466	1.533841718379381
19203213	11777997	2009.0	2002.0	0.5780756	7.0	0.4219244	0.6722705970564561
19367032	11777997	2009.0	2002.0	0.5218537	7.0	0.4781463	1.105063782196718
19176348	11777997	2009.0	2002.0	0.47725305	7.0	0.5227469499999999	1.4483972051658094
20029535	11777997	2009.0	2002.0	0.35563526	7.0	0.64436474	2.384604460769399
19632325	11777997	2009.0	2002.0	0.39675727	7.0	0.6032427300000001	2.068049422834544
18976299	11777997	2009.0	2002.0	0.6868195	7.0	0.3131805	-0.1648341405204327
19528962	11777997	2009.0	2002.0	0.4665957	7.0	0.5334042999999999	1.5304369165888416
19553696	11777997	2009.0	2002.0	0.4812375	7.0	0.5187625	1.4177251217511244
19544423	11777997	2009.0	2002.0	0.61696124	7.0	0.38303876	0.3729310160067667
19544428	11777997	2009.0	2002.0	0.47087428	7.0	0.52912572	1.4975006361344745
19796617	11777997	2009.0	2002.0	0.47990876	7.0	0.52009124	1.4279536913445257
19747911	11777997	2009.0	2002.0	0.53774965	7.0	0.46225035	0.982697607604071
19815820	11777997	2009.0	2002.0	0.64783555	7.0	0.3521644499999999	0.1352622256615834
19907881	11777997	2009.0	2002.0	0.57607156	7.0	0.4239284399999999	0.6876975900031278
19735242	11777997	2009.0	2002.0	0.37569588	7.0	0.62430412	2.230178878822001
19800602	11777997	2009.0	2002.0	0.5477823	7.0	0.4522176999999999	0.9054668034352776
19857353	11777997	2009.0	2002.0	0.60854423	7.0	0.39145577	0.4377247096965461
18939886	11777997	2009.0	2002.0	0.6148229	7.0	0.3851771	0.3893918431846606
19442197	11777997	2009.0	2002.0	0.48271227	7.0	0.5172877300000001	1.406372421012635
19586557	11777997	2009.0	2002.0	0.5081804	7.0	0.4918196	1.210320115731841
28827151	11777997	2018.0	2002.0	0.46836686	16.0	0.5316331400000001	1.206289841900362
29044498	11777997	2018.0	2002.0	0.5081839	16.0	0.4918161	0.9207534805141224
28655642	11777997	2018.0	2002.0	0.52534664	16.0	0.47465336	0.797675865226345
29976685	11777997	2018.0	2002.0	0.55459255	16.0	0.44540745	0.5879472985918234
29720239	11777997	2018.0	2002.0	0.5439748	16.0	0.4560252	0.6640894151607278
30060828	11777997	2018.0	2002.0	0.4909181	16.0	0.5090819	1.044570160719947
28111264	11777997	2018.0	2002.0	0.5407095	16.0	0.4592905	0.6875055676631362
29652725	11777997	2018.0	2002.0	0.4346886	16.0	0.5653114	1.447803721842711
29272722	11777997	2018.0	2002.0	0.31070694	16.0	0.68929306	2.336902260433872
30239705	11777997	2018.0	2002.0	0.4252517	16.0	0.5747483	1.5154777149061278
29650632	11777997	2018.0	2002.0	0.4521456	16.0	0.5478544000000001	1.3226159062562295
28578204	11777997	2018.0	2002.0	0.5694389	16.0	0.4305611	0.4814810027831296
29347847	11777997	2018.0	2002.0	0.4423036	16.0	0.5576964	1.3931949565513628
29571018	11777997	2018.0	2002.0	0.38562995	16.0	0.61437005	1.7996136106621965
21401624	11777997	2011.0	2002.0	0.41557387	9.0	0.58442613	1.759009444987082
21233450	11777997	2011.0	2002.0	0.44046667	9.0	0.55953333	1.577177255758822
21327916	11777997	2011.0	2002.0	0.50350523	9.0	0.49649477	1.1167051766597629
21708977	11777997	2011.0	2002.0	0.53414404	9.0	0.4658559599999999	0.8929006268442048
21727202	11777997	2011.0	2002.0	0.55039024	9.0	0.4496097599999999	0.7742284761564493
20955787	11777997	2011.0	2002.0	0.43736655	9.0	0.56263345	1.5998224224925883
20934999	11777997	2011.0	2002.0	0.5900898	9.0	0.4099102	0.4842386836783564
20080255	11777997	2011.0	2002.0	0.4560125	9.0	0.5439875000000001	1.4636210345916425
22095736	11777997	2011.0	2002.0	0.47576284	9.0	0.52423716	1.3193525087447109
21432019	11777997	2011.0	2002.0	0.507145	9.0	0.492855	1.0901180772821382
21303269	11777997	2011.0	2002.0	0.5351732	9.0	0.4648268	0.8853830146886357
22114897	11777997	2011.0	2002.0	0.61496735	9.0	0.38503265	0.3025178897485649
22118126	11777997	2011.0	2002.0	0.5144469	9.0	0.4855530999999999	1.0367805474531977
20643135	11777997	2011.0	2002.0	0.5975781	9.0	0.4024219	0.4295395745946863
21548739	11777997	2011.0	2002.0	0.55098313	9.0	0.44901687	0.769897646090264
21293007	11777997	2011.0	2002.0	0.600667	9.0	0.399333	0.406976365582154
20965213	11777997	2011.0	2002.0	0.51702917	9.0	0.4829708299999999	1.017918072871051
21521503	11777997	2011.0	2002.0	0.49136138	9.0	0.5086386199999999	1.2054112615983634
21424917	11777997	2011.0	2002.0	0.45010662	9.0	0.54989338	1.506761183137382
21350179	11777997	2011.0	2002.0	0.58427817	9.0	0.4157218299999999	0.5266903727565085
21445273	11777997	2011.0	2002.0	0.52472574	9.0	0.4752742599999999	0.9616976327177316
21960726	11777997	2011.0	2002.0	0.5636101	9.0	0.4363899	0.6776625580961626
20812863	11777997	2011.0	2002.0	0.46965313	9.0	0.53034687	1.3639815558928745
22014346	11777997	2011.0	2002.0	0.55653846	9.0	0.44346154	0.7293181284873658
21965376	11777997	2011.0	2002.0	0.4038507	9.0	0.5961493	1.8446426267020783
22009661	11777997	2011.0	2002.0	0.65519506	9.0	0.3448049399999999	0.0086701676385737
21781250	11777997	2011.0	2002.0	0.5163405	9.0	0.4836595	1.0229485384577202
21963835	11777997	2011.0	2002.0	0.53225577	9.0	0.46774423	0.9066937022697918
21258010	11777997	2011.0	2002.0	0.43246755	9.0	0.5675324500000001	1.6356077055876708
20506335	11777997	2011.0	2002.0	0.53992254	9.0	0.46007746	0.850690939486596
21887363	11777997	2011.0	2002.0	0.6500109	9.0	0.3499891	0.0465384332458817
21678304	11777997	2011.0	2002.0	0.3852173	9.0	0.6147827	1.9807523417508424
21883903	11777997	2011.0	2002.0	0.5087019	9.0	0.4912980999999999	1.078745530384662
21652595	11777997	2011.0	2002.0	0.6127452	9.0	0.3872548	0.3187498282726997
21919883	11777997	2011.0	2002.0	0.51751107	9.0	0.48248893	1.0143979814394288
21919877	11777997	2011.0	2002.0	0.5723021	9.0	0.4276978999999999	0.6141708902736579
21175550	11777997	2011.0	2002.0	0.29393682	9.0	0.70606318	2.647520624636112
21090918	11777997	2011.0	2002.0	0.6703405	9.0	0.3296595	-0.1019613608365377
24753018	11777997	2014.0	2002.0	0.6297251	12.0	0.3702748999999999	0.1403005114753402
25133793	11777997	2014.0	2002.0	0.5885519	12.0	0.4114481	0.4442248273038272
25132481	11777997	2014.0	2002.0	0.48025778	12.0	0.5197422199999999	1.2436092892656865
24838077	11777997	2014.0	2002.0	0.59976935	12.0	0.40023065	0.361422037707919
24766806	11777997	2014.0	2002.0	0.32837984	12.0	0.67162016	2.364712312687232
24743881	11777997	2014.0	2002.0	0.605348	12.0	0.394652	0.3202426446926422
25048407	11777997	2014.0	2002.0	0.45606196	12.0	0.54393804	1.4222132850544336
25258403	11777997	2014.0	2002.0	0.5592103	12.0	0.4407896999999999	0.6608129405744283
24762743	11777997	2014.0	2002.0	0.5049582	12.0	0.4950418	1.0612805353875263
24672794	11777997	2014.0	2002.0	0.43390232	12.0	0.5660976799999999	1.5857870035413508
25108892	11777997	2014.0	2002.0	0.6019272	12.0	0.3980728	0.3454936404759694
24797668	11777997	2014.0	2002.0	0.64059603	12.0	0.35940397	0.0600555957857811
24123919	11777997	2014.0	2002.0	0.4130969	12.0	0.5869031	1.7393644043512062
24560960	11777997	2014.0	2002.0	0.4258655	12.0	0.5741345	1.6451116375250274
24926741	11777997	2014.0	2002.0	0.66632307	12.0	0.33367693	-0.129851261837433
24998410	11777997	2014.0	2002.0	0.5378865	12.0	0.4621134999999999	0.8182168179962339
24898748	11777997	2014.0	2002.0	0.49282733	12.0	0.50717267	1.1508258309961823
25459343	11777997	2014.0	2002.0	0.58370554	12.0	0.41629446	0.4799987444941004
24378637	11777997	2014.0	2002.0	0.49778888	12.0	0.50221112	1.1142016266788397
23674056	11777997	2014.0	2002.0	0.5915887	12.0	0.4084113	0.421808367997581
25183295	11777997	2014.0	2002.0	0.30387145	12.0	0.6961285500000001	2.54562357687869
24318213	11777997	2014.0	2002.0	0.41933885	12.0	0.5806611500000001	1.6932887924680975
23844738	11777997	2014.0	2002.0	0.56519437	12.0	0.43480563	0.6166408970942097
23844734	11777997	2014.0	2002.0	0.55607015	12.0	0.4439298499999999	0.6839922887997016
24897618	11777997	2014.0	2002.0	0.5540119	12.0	0.4459881	0.6991854781329087
27101927	11777997	2016.0	2002.0	0.43351677	14.0	0.56648323	1.5168078397828986
27335447	11777997	2016.0	2002.0	0.4935558	14.0	0.5064442	1.0823481693677606
26846638	11777997	2016.0	2002.0	0.6327383	14.0	0.3672617	0.0751836119531094
26725880	11777997	2016.0	2002.0	0.48825863	14.0	0.51174137	1.120680013375449
27542008	11777997	2016.0	2002.0	0.5312719	14.0	0.4687281	0.8094236338557044
26768743	11777997	2016.0	2002.0	0.57402045	14.0	0.42597955	0.5000828443105526
27283528	11777997	2016.0	2002.0	0.60688967	14.0	0.3931103299999999	0.2622317249969548
26635186	11777997	2016.0	2002.0	0.61447054	14.0	0.38552946	0.2073743716776225
27516007	11777997	2016.0	2002.0	0.5660853	14.0	0.4339147	0.5575038694952481
26863343	11777997	2016.0	2002.0	0.50662225	14.0	0.4933777499999999	0.9877955831501632
27266812	11777997	2016.0	2002.0	0.54897517	14.0	0.45102483	0.681317685950314
26749344	11777997	2016.0	2002.0	0.45546037	14.0	0.54453963	1.3580176457420954
26474510	11777997	2016.0	2002.0	0.53104323	14.0	0.46895677	0.8110783556730596
27095490	11777997	2016.0	2002.0	0.6321586	14.0	0.3678414	0.0793784877020954
27094722	11777997	2016.0	2002.0	0.40980047	14.0	0.59019953	1.6884258003240091
27062199	11777997	2016.0	2002.0	0.39080837	14.0	0.60919163	1.8258580923928736
28475697	11777997	2017.0	2002.0	0.44141167	15.0	0.5585883300000001	1.416884430573051
28829419	11777997	2017.0	2002.0	0.5625431	15.0	0.4374569	0.5485579685861464
29037258	11777997	2017.0	2002.0	0.4582916	15.0	0.5417084	1.2958812368066877
28194324	11777997	2017.0	2002.0	0.55790746	15.0	0.44209254	0.5817883934250583
28297574	11777997	2017.0	2002.0	0.39921483	15.0	0.60078517	1.7193710171198078
29022266	11777997	2017.0	2002.0	0.3156588	15.0	0.6843412	2.3183395251905177
28355297	11777997	2017.0	2002.0	0.5084545	15.0	0.4915454999999999	0.9362902249611006
27916652	11777997	2017.0	2002.0	0.36666745	15.0	0.63333255	1.9526857837525748
