Citing_Pmid	Ref_Pmid	Citing_Pubyear	Ref_Pubyear	AID_cos_sim	Year_Diff	AID_cos_dist	Diffusion_Z_value
20299739	11777997	2010.0	2002.0	0.5209785	8.0	0.4790215	0.3928584381553012
19238541	11777997	2010.0	2002.0	0.4627713	8.0	0.5372287	0.7426534126192303
20638620	11777997	2010.0	2002.0	0.38727102	8.0	0.61272898	1.196370796630478
20013794	11777997	2010.0	2002.0	0.5936386	8.0	0.4063614	-0.0437909424032299
20102397	11777997	2010.0	2002.0	0.51045126	8.0	0.48954874	0.456121671002366
20378071	11777997	2010.0	2002.0	0.43920216	8.0	0.56079784	0.8842916760030861
20967718	11777997	2010.0	2002.0	0.60327995	8.0	0.39672005	-0.1017304374665176
20028494	11777997	2010.0	2002.0	0.46403685	8.0	0.5359631499999999	0.7350481158529738
20800644	11777997	2010.0	2002.0	0.5324623	8.0	0.4675376999999999	0.3238467776090306
20109058	11777997	2010.0	2002.0	0.30029592	8.0	0.6997040800000001	1.7190458760621927
20228724	11777997	2010.0	2002.0	0.50807893	8.0	0.4919210699999999	0.4703781394765408
20687781	11777997	2010.0	2002.0	0.5022671	8.0	0.4977329	0.5053042126502842
20214939	11777997	2010.0	2002.0	0.512529	8.0	0.487471	0.443635535090611
20014925	11777997	2010.0	2002.0	0.50160474	8.0	0.49839526	0.5092846514840698
20410290	11777997	2010.0	2002.0	0.47758964	8.0	0.5224103600000001	0.6536029023404711
20059339	11777997	2010.0	2002.0	0.6512957	8.0	0.3487042999999999	-0.3902801022007157
20352151	11777997	2010.0	2002.0	0.51417357	8.0	0.48582643	0.4337525254087482
20578234	11777997	2010.0	2002.0	0.67675716	8.0	0.32324284	-0.5432902238096289
20404540	11777997	2010.0	2002.0	0.30902964	8.0	0.69097036	1.6665607648667542
20680813	11777997	2010.0	2002.0	0.57053304	8.0	0.4294669599999999	0.0950614464794988
20680817	11777997	2010.0	2002.0	0.49329743	8.0	0.5067025700000001	0.5592072605309568
20670189	11777997	2010.0	2002.0	0.65181255	8.0	0.3481874499999999	-0.3933861016741775
20584315	11777997	2010.0	2002.0	0.36762953	8.0	0.63237047	1.3144059279026148
20930032	11777997	2010.0	2002.0	0.3859207	8.0	0.6140793	1.2044855169729465
20008042	11777997	2010.0	2002.0	0.58150554	8.0	0.41849446	0.0291224327955311
20336144	11777997	2010.0	2002.0	0.57845056	8.0	0.42154944	0.0474812724423073
20668107	11777997	2010.0	2002.0	0.55599105	8.0	0.4440089499999999	0.1824512371017021
19560469	11777997	2010.0	2002.0	0.6022462	8.0	0.3977538	-0.0955181380456194
19895889	11777997	2010.0	2002.0	0.3945652	8.0	0.6054348	1.1525365715374434
21106945	11777997	2010.0	2002.0	0.5985011	8.0	0.4014989	-0.0730120364144665
20859204	11777997	2010.0	2002.0	0.62442136	8.0	0.3755786399999999	-0.2287793072125536
20842469	11777997	2010.0	2002.0	0.5024921	8.0	0.4975079	0.5039520797654453
21050418	11777997	2010.0	2002.0	0.5278298	8.0	0.4721702	0.3516856913379879
19941452	11777997	2010.0	2002.0	0.5803007	8.0	0.4196993	0.0363628940620603
19951966	11777997	2010.0	2002.0	0.51343125	8.0	0.48656875	0.4382134822224078
20563360	11777997	2010.0	2002.0	0.3615251	8.0	0.6384749000000001	1.3510903747745977
19875689	11777997	2010.0	2002.0	0.34556377	8.0	0.65443623	1.447009660013542
20556805	11777997	2010.0	2002.0	0.5351774	8.0	0.4648226	0.3075304398506948
20528755	11777997	2010.0	2002.0	0.5106649	8.0	0.4893351	0.4548378058045128
25619752	11777997	2015.0	2002.0	0.8639719	13.0	0.1360280999999999	-1.9609009731466625
25813284	11777997	2015.0	2002.0	0.4382306	13.0	0.5617694	0.8543751746157415
26070113	11777997	2015.0	2002.0	0.4130934	13.0	0.5869066000000001	1.0205985585851458
26270808	11777997	2015.0	2002.0	0.52588683	13.0	0.47411317	0.2747356293760025
26265085	11777997	2015.0	2002.0	0.49595654	13.0	0.50404346	0.4726540167455428
26371341	11777997	2015.0	2002.0	0.621871	13.0	0.378129	-0.3599736280152149
26371367	11777997	2015.0	2002.0	0.24643998	13.0	0.75356002	2.1226184900999643
25633820	11777997	2015.0	2002.0	0.57025313	13.0	0.42974687	-0.0186429696804457
26314416	11777997	2015.0	2002.0	0.38847992	13.0	0.61152008	1.1833587680302404
26018921	11777997	2015.0	2002.0	0.32040396	13.0	0.6795960400000001	1.6335209355813511
26743269	11777997	2015.0	2002.0	0.49742383	13.0	0.50257617	0.4629513486256064
26338480	11777997	2015.0	2002.0	0.6495082	13.0	0.3504918	-0.5427286248899348
25656611	11777997	2015.0	2002.0	0.3859292	13.0	0.6140708	1.2002257742981794
26474484	11777997	2015.0	2002.0	0.6729552	13.0	0.3270448	-0.6977753160063125
24747545	11777997	2015.0	2002.0	0.44153887	13.0	0.55846113	0.8324987590052336
25889431	11777997	2015.0	2002.0	0.853713	13.0	0.1462869999999999	-1.893062507692924
24992980	11777997	2015.0	2002.0	0.5568115	13.0	0.4431885	0.0702417599101472
25552694	11777997	2015.0	2002.0	0.8707443	13.0	0.1292556999999999	-2.005684451242648
25575564	11777997	2015.0	2002.0	0.7347027	13.0	0.2652972999999999	-1.1060896231547128
25861640	11777997	2015.0	2002.0	0.56918997	13.0	0.4308100299999999	-0.0116126698498797
25523899	11777997	2015.0	2002.0	0.652896	13.0	0.3471039999999999	-0.5651309441701869
25727843	11777997	2015.0	2002.0	0.8080265	13.0	0.1919735	-1.590953894493436
25769705	11777997	2015.0	2002.0	0.40035167	13.0	0.59964833	1.104855097826766
25677239	11777997	2015.0	2002.0	0.4100929	13.0	0.5899071	1.0404398003941058
22361741	11777997	2012.0	2002.0	0.5318719	10.0	0.4681281	0.3337990735100413
22413976	11777997	2012.0	2002.0	0.550166	10.0	0.4498339999999999	0.2136546429601251
22727190	11777997	2012.0	2002.0	0.7032142	10.0	0.2967858	-0.7914720829072092
22388688	11777997	2012.0	2002.0	0.51042813	10.0	0.48957187	0.474628605189291
22276168	11777997	2012.0	2002.0	0.45551214	10.0	0.54448786	0.8352831520997631
22917225	11777997	2012.0	2002.0	0.5875578	10.0	0.4124422	-0.0319117701586582
22394394	11777997	2012.0	2002.0	0.5366593	10.0	0.4633407	0.3023583660243129
22405796	11777997	2012.0	2002.0	0.5932068	10.0	0.4067931999999999	-0.0690109380967625
22548049	11777997	2012.0	2002.0	0.68705034	10.0	0.31294966	-0.6853177623782647
22383995	11777997	2012.0	2002.0	0.53145444	10.0	0.46854556	0.3365406947965417
22904145	11777997	2012.0	2002.0	0.60165906	10.0	0.39834094	-0.1245201987086445
22251563	11777997	2012.0	2002.0	0.6068858	10.0	0.3931141999999999	-0.1588462219036892
22228016	11777997	2012.0	2002.0	0.5414044	10.0	0.4585956	0.2711954589995118
22847771	11777997	2012.0	2002.0	0.7252962	10.0	0.2747038	-0.9364931178530784
22624699	11777997	2012.0	2002.0	0.46296412	10.0	0.53703588	0.7863431171393461
22884677	11777997	2012.0	2002.0	0.6498558	10.0	0.3501442	-0.4410468319763285
22688972	11777997	2012.0	2002.0	0.8542459	10.0	0.1457541	-1.7833556733262894
22430385	11777997	2012.0	2002.0	0.55436224	10.0	0.44563776	0.1860963118451332
22684511	11777997	2012.0	2002.0	0.65531164	10.0	0.34468836	-0.4768774434833964
22571670	11777997	2012.0	2002.0	0.36808178	10.0	0.63191822	1.409472142811201
23034562	11777997	2012.0	2002.0	0.54898673	10.0	0.45101327	0.2213993651719096
21981277	11777997	2012.0	2002.0	0.58366716	10.0	0.41633284	-0.0063604324446011
22700450	11777997	2012.0	2002.0	0.61389095	10.0	0.3861090499999999	-0.204851751427784
22652782	11777997	2012.0	2002.0	0.5467521	10.0	0.4532479	0.2360750446991757
22479345	11777997	2012.0	2002.0	0.57163924	10.0	0.42836076	0.0726315703923756
22003051	11777997	2012.0	2002.0	0.54861665	10.0	0.4513833499999999	0.2238298236726232
22658631	11777997	2012.0	2002.0	0.52495307	10.0	0.47504693	0.3792377062070128
22652005	11777997	2012.0	2002.0	0.5340586	10.0	0.4659413999999999	0.3194381688312918
22454205	11777997	2012.0	2002.0	0.63134897	10.0	0.36865103	-0.3195053212360301
22455973	11777997	2012.0	2002.0	0.54591686	10.0	0.45408314	0.2415603888359473
22457105	11777997	2012.0	2002.0	0.4455095	10.0	0.5544905	0.9009743578325295
14694776	11777997	2003.0	2002.0	0.5668531	1.0	0.4331469	0.541748506575135
14633792	11777997	2003.0	2002.0	0.59889513	1.0	0.4011048699999999	0.3536724706001853
12939249	11777997	2003.0	2002.0	0.54958653	1.0	0.45041347	0.6430975172490523
12724751	11777997	2003.0	2002.0	0.54923505	1.0	0.45076495	0.6451605876951035
12705474	11777997	2003.0	2002.0	0.56271887	1.0	0.43728113	0.5660150586696407
12628711	11777997	2003.0	2002.0	0.5747724	1.0	0.4252276	0.495264855205468
13680240	11777997	2003.0	2002.0	0.58870757	1.0	0.41129243	0.4134700521222353
14512886	11777997	2003.0	2002.0	0.36555144	1.0	0.63444856	1.7233221536872885
12776265	11777997	2003.0	2002.0	0.41214502	1.0	0.58785498	1.449833369478495
14678256	11777997	2003.0	2002.0	0.54968125	1.0	0.45031875	0.642541542420755
12628964	11777997	2003.0	2002.0	0.7200004	1.0	0.2799996	-0.3571750979613554
12628942	11777997	2003.0	2002.0	0.5816778	1.0	0.4183222	0.4547324588865885
12633542	11777997	2003.0	2002.0	0.5303651	1.0	0.4696348999999999	0.7559209045366233
12900745	11777997	2003.0	2002.0	0.5915682	1.0	0.4084318	0.3966791075163216
12562949	11777997	2003.0	2002.0	0.43648788	1.0	0.56351212	1.3069488951460897
12911047	11777997	2003.0	2002.0	0.50211436	1.0	0.49788564	0.9217433319096378
14499856	11777997	2003.0	2002.0	0.56688285	1.0	0.4331171499999999	0.5415738839912891
12957085	11777997	2003.0	2002.0	0.625679	1.0	0.374321	0.1964600811957575
12957092	11777997	2003.0	2002.0	0.5397753	1.0	0.4602247	0.7006861671079567
14519068	11777997	2003.0	2002.0	0.59301925	1.0	0.40698075	0.3881619276746745
14627325	11777997	2003.0	2002.0	0.52506477	1.0	0.47493523	0.7870320749512043
12910262	11777997	2003.0	2002.0	0.59194237	1.0	0.4080576299999999	0.3944828543332131
12615698	11777997	2003.0	2002.0	0.46635264	1.0	0.53364736	1.1316527083519563
14630442	11777997	2003.0	2002.0	0.46557844	1.0	0.53442156	1.1361970042986176
12904523	11777997	2003.0	2002.0	0.5872934	1.0	0.4127066	0.4217707586565807
12505991	11777997	2003.0	2002.0	0.89717764	1.0	0.10282236	-1.3971464407315308
15248451	11777997	2003.0	2002.0	0.5640959	1.0	0.4359041	0.5579323515559347
12556202	11777997	2003.0	2002.0	0.4018546	1.0	0.5981453999999999	1.5102347049156482
12954753	11777997	2003.0	2002.0	0.5553703	1.0	0.4446297	0.609148715172816
12667955	11777997	2003.0	2002.0	0.54972684	1.0	0.4502731599999999	0.6422739443166365
12590266	11777997	2003.0	2002.0	0.4799232	1.0	0.5200768	1.051998044438334
12919098	11777997	2003.0	2002.0	0.51401055	1.0	0.48598945	0.851916661801507
12707031	11777997	2003.0	2002.0	0.3896432	1.0	0.6103567999999999	1.5819115526592054
12676808	11777997	2003.0	2002.0	0.9455346	1.0	0.0544654	-1.6809856777773482
12892772	11777997	2003.0	2002.0	0.4627605	1.0	0.5372395	1.1527373728337962
12947003	11777997	2003.0	2002.0	0.54549766	1.0	0.45450234	0.6670978212627773
12626668	11777997	2003.0	2002.0	0.5067879	1.0	0.4932121	0.8943112098758478
14724532	11777997	2003.0	2002.0	0.45881492	1.0	0.54118508	1.1758966123083876
14680341	11777997	2003.0	2002.0	0.5416824	1.0	0.4583176	0.689492125775125
12649081	11777997	2003.0	2002.0	0.5012261	1.0	0.4987739	0.9269571220382626
12890048	11777997	2003.0	2002.0	0.6443302	1.0	0.3556698	0.0869837539413366
12665618	11777997	2003.0	2002.0	0.558774	1.0	0.441226	0.5891701306808865
14672745	11777997	2003.0	2002.0	0.39570087	1.0	0.60429913	1.546355048878254
12934939	11777997	2003.0	2002.0	0.55618256	1.0	0.44381744	0.6043810197121658
12769752	11777997	2003.0	2002.0	0.60783774	1.0	0.39216226	0.301182330616235
14647535	11777997	2003.0	2002.0	0.5694021	1.0	0.4305979	0.5267867261979194
12857042	11777997	2003.0	2002.0	0.5818224	1.0	0.4181776	0.4538837050840995
12878835	11777997	2003.0	2002.0	0.64759564	1.0	0.3524043599999999	0.0678167095651205
12679204	11777997	2003.0	2002.0	0.5164283	1.0	0.4835717	0.8377252751765512
12898189	11777997	2003.0	2002.0	0.5300412	1.0	0.4699588	0.7578220895755329
12898588	11777997	2003.0	2002.0	0.54313076	1.0	0.4568692399999999	0.6809907353368574
12928492	11777997	2003.0	2002.0	0.93221724	1.0	0.06778276	-1.6028172134680845
14566083	11777997	2003.0	2002.0	0.48930514	1.0	0.51069486	0.9969291837901532
12667437	11777997	2003.0	2002.0	0.55370677	1.0	0.44629323	0.6189130817914541
12923898	11777997	2003.0	2002.0	0.6156914	1.0	0.3843086	0.2550839641676979
12583951	11777997	2003.0	2002.0	0.5351723	1.0	0.4648276999999999	0.7277042428538654
12679323	11777997	2003.0	2002.0	0.61664873	1.0	0.38335127	0.2494647561612172
14691018	11777997	2003.0	2002.0	0.62558806	1.0	0.37441194	0.1969938686839897
12690288	11777997	2003.0	2002.0	0.62654346	1.0	0.3734565399999999	0.1913859891342085
12574141	11777997	2003.0	2002.0	0.95160854	1.0	0.04839146	-1.7166376810352464
14671774	11777997	2003.0	2002.0	0.68905544	1.0	0.31094456	-0.1755384972152924
12531740	11777997	2003.0	2002.0	0.452558	1.0	0.547442	1.212622647176103
12878832	11777997	2003.0	2002.0	0.51885396	1.0	0.48114604	0.8234874594881259
12923453	11777997	2003.0	2002.0	0.43033907	1.0	0.56966093	1.3430403603486103
12893756	11777997	2003.0	2002.0	0.4601758	1.0	0.5398242	1.1679087003116262
12674207	11777997	2003.0	2002.0	0.53643453	1.0	0.46356547	0.7202953734754693
12957133	11777997	2003.0	2002.0	0.49304262	1.0	0.50695738	0.974991421952478
12757870	11777997	2003.0	2002.0	0.5648585	1.0	0.4351414999999999	0.5534561437428058
12757871	11777997	2003.0	2002.0	0.5507773	1.0	0.4492227	0.636108094251886
12757872	11777997	2003.0	2002.0	0.57410955	1.0	0.42589045	0.4991555637668792
14529935	11777997	2003.0	2002.0	0.57160974	1.0	0.42839026	0.5138286152399144
12757868	11777997	2003.0	2002.0	0.55266523	1.0	0.44733477	0.6250265744293847
12757869	11777997	2003.0	2002.0	0.60268414	1.0	0.3973158599999999	0.3314322448382894
12811417	11777997	2003.0	2002.0	0.55978185	1.0	0.44021815	0.5832543871135358
12481294	11777997	2003.0	2002.0	0.5009277	1.0	0.4990723	0.9287086305767333
12958145	11777997	2003.0	2002.0	0.91062605	1.0	0.08937395	-1.476084124859717
12814831	11777997	2003.0	2002.0	0.5398986	1.0	0.4601014	0.6999624372058338
12522113	11777997	2003.0	2002.0	0.6223206	1.0	0.3776794	0.2161727697869069
14610014	11777997	2003.0	2002.0	0.51204896	1.0	0.48795104	0.863430541271943
15856599	11777997	2003.0	2002.0	0.43192106	1.0	0.5680789399999999	1.3337546063513754
12600902	11777997	2003.0	2002.0	0.70955014	1.0	0.2904498599999999	-0.2958355550014505
13678453	11777997	2003.0	2002.0	0.5139582	1.0	0.4860417999999999	0.8522239388524078
12791519	11777997	2003.0	2002.0	0.5444118	1.0	0.4555882	0.6734714575281374
14615542	11777997	2003.0	2002.0	0.5175675	1.0	0.4824325	0.8310385508902727
12568297	11777997	2003.0	2002.0	0.46481454	1.0	0.53518546	1.1406808426784352
15030288	11777997	2003.0	2002.0	0.58089495	1.0	0.41910505	0.4593275274500656
12757862	11777997	2003.0	2002.0	0.5507086	1.0	0.4492914	0.6365113403530689
12733103	11777997	2003.0	2002.0	0.45588166	1.0	0.54411834	1.1931138708055518
12960322	11777997	2003.0	2002.0	0.5754606	1.0	0.4245394	0.4912253505936202
12965073	11777997	2003.0	2002.0	0.49175882	1.0	0.50824118	0.9825269000412454
12537212	11777997	2003.0	2002.0	0.5808927	1.0	0.4191072999999999	0.4593407342001042
12965310	11777997	2003.0	2002.0	0.5308007	1.0	0.4691993	0.7533640777291244
12783394	11777997	2003.0	2002.0	0.47770864	1.0	0.52229136	1.0649967734897916
12957863	11777997	2003.0	2002.0	0.5538666	1.0	0.4461334	0.6179749329653694
12971622	11777997	2003.0	2002.0	0.51642567	1.0	0.48357433	0.8377407123999299
12788375	11777997	2003.0	2002.0	0.927082	1.0	0.072918	-1.5726750663263458
12798841	11777997	2003.0	2002.0	0.4881474	1.0	0.5118526	1.0037247316967508
14596947	11777997	2003.0	2002.0	0.46384642	1.0	0.53615358	1.146363384388435
12799293	11777997	2003.0	2002.0	0.7481917	1.0	0.2518083	-0.5226486323466798
12801836	11777997	2003.0	2002.0	0.6210807	1.0	0.3789192999999999	0.2234505695082521
12805561	11777997	2003.0	2002.0	0.5032723	1.0	0.4967277	0.9149466100697032
12750394	11777997	2003.0	2002.0	0.94767106	1.0	0.0523289399999999	-1.6935259858607947
14557056	11777997	2003.0	2002.0	0.56227916	1.0	0.43772084	0.5685960098072105
12538864	11777997	2003.0	2002.0	0.42742175	1.0	0.5725782500000001	1.3601640563588338
14505575	11777997	2003.0	2002.0	0.9513162	1.0	0.0486838	-1.7149217426768804
14505565	11777997	2003.0	2002.0	0.627511	1.0	0.3724889999999999	0.1857068518308853
12730096	11777997	2003.0	2002.0	0.59332746	1.0	0.4066725399999999	0.386352837706035
23282236	11777997	2013.0	2002.0	0.55060816	11.0	0.44939184	0.1733747151579995
23874657	11777997	2013.0	2002.0	0.48628247	11.0	0.51371753	0.59819730006806
23254697	11777997	2013.0	2002.0	0.51268554	11.0	0.48731446	0.4238249700244761
23545574	11777997	2013.0	2002.0	0.62904626	11.0	0.37095374	-0.3446496759901374
23281411	11777997	2013.0	2002.0	0.9377082	11.0	0.0622918	-2.383128598084157
23498165	11777997	2013.0	2002.0	0.40100235	11.0	0.59899765	1.161408064225276
23378254	11777997	2013.0	2002.0	0.60736716	11.0	0.39263284	-0.2014755988753226
23775735	11777997	2013.0	2002.0	0.5215786	11.0	0.4784214	0.3650930273595741
22736676	11777997	2013.0	2002.0	0.51037943	11.0	0.48962057	0.4390550843269726
23135991	11777997	2013.0	2002.0	0.4158179	11.0	0.5841821	1.0635625495037977
24126344	11777997	2013.0	2002.0	0.46364585	11.0	0.53635415	0.7476950733842386
23949886	11777997	2013.0	2002.0	0.55335236	11.0	0.44664764	0.1552513473789648
23394400	11777997	2013.0	2002.0	0.41755447	11.0	0.58244553	1.052093816618425
23934537	11777997	2013.0	2002.0	0.5295673	11.0	0.4704327	0.3123336992579869
23323616	11777997	2013.0	2002.0	0.6023664	11.0	0.3976336	-0.1684493571091657
23354783	11777997	2013.0	2002.0	0.6569987	11.0	0.3430012999999999	-0.5292544243471843
23547965	11777997	2013.0	2002.0	0.47534308	11.0	0.52465692	0.6704437063971529
22507976	11777997	2013.0	2002.0	0.5162624	11.0	0.4837376	0.4002025120133549
23757309	11777997	2013.0	2002.0	0.8367249	11.0	0.1632751	-1.7162101936527685
24253457	11777997	2013.0	2002.0	0.49378037	11.0	0.5062196299999999	0.5486793351710311
23816072	11777997	2013.0	2002.0	0.424663	11.0	0.575337	1.005147346405502
23463815	11777997	2013.0	2002.0	0.7465722	11.0	0.2534278	-1.1208197197904404
23630447	11777997	2013.0	2002.0	0.43709382	11.0	0.5629061799999999	0.9230511716897438
23568056	11777997	2013.0	2002.0	0.8573316	11.0	0.1426684	-1.852301878957133
23658251	11777997	2013.0	2002.0	0.65782064	11.0	0.34217936	-0.5346827170781435
23667482	11777997	2013.0	2002.0	0.4840107	11.0	0.5159893	0.6132006246141494
22006278	11777997	2013.0	2002.0	0.6410877	11.0	0.3589122999999999	-0.424174289979345
23044434	11777997	2013.0	2002.0	0.5408829	11.0	0.4591170999999999	0.2376027101025138
21659438	11777997	2013.0	2002.0	0.4901635	11.0	0.5098365	0.5725660290049207
23064904	11777997	2013.0	2002.0	0.42564017	11.0	0.57435983	0.9986938767995552
23860201	11777997	2013.0	2002.0	0.5406276	11.0	0.4593724	0.2392887737254236
15170096	11777997	2004.0	2002.0	0.52097267	2.0	0.47902733	0.4934672041715827
14992951	11777997	2004.0	2002.0	0.45990658	2.0	0.54009342	0.8012082401251741
15579450	11777997	2004.0	2002.0	0.3896254	2.0	0.6103746	1.155388492065994
15509544	11777997	2004.0	2002.0	0.4450943	2.0	0.5549057	0.8758543553756286
15094278	11777997	2004.0	2002.0	0.6426349	2.0	0.3573651	-0.1196465664435664
15274810	11777997	2004.0	2002.0	0.54222715	2.0	0.45777285	0.3863557828597733
15170587	11777997	2004.0	2002.0	0.6110314	2.0	0.3889686	0.0396184827803042
15269336	11777997	2004.0	2002.0	0.5397268	2.0	0.4602732	0.3989562342599951
15107841	11777997	2004.0	2002.0	0.56754977	2.0	0.43245023	0.2587430715848397
14871237	11777997	2004.0	2002.0	0.6046467	2.0	0.3953533	0.0717940190272278
14990857	11777997	2004.0	2002.0	0.47860107	2.0	0.5213989299999999	0.7069978245045885
14702188	11777997	2004.0	2002.0	0.48258853	2.0	0.51741147	0.6869031193871741
14702342	11777997	2004.0	2002.0	0.57988936	2.0	0.42011064	0.1965580158551771
15671663	11777997	2004.0	2002.0	0.49843055	2.0	0.50156945	0.6070676551156363
16265312	11777997	2004.0	2002.0	0.61025685	2.0	0.38974315	0.0435218081675668
15828152	11777997	2004.0	2002.0	0.43350795	2.0	0.56649205	0.9342434769309944
15001531	11777997	2004.0	2002.0	0.6133225	2.0	0.3866775	0.02807254153086
14699629	11777997	2004.0	2002.0	0.6999613	2.0	0.3000387	-0.4085415280088139
15516935	11777997	2004.0	2002.0	0.45993078	2.0	0.54006922	0.8010862848293612
14742250	11777997	2004.0	2002.0	0.5037955	2.0	0.4962045	0.5800311235342105
14699633	11777997	2004.0	2002.0	0.57988334	2.0	0.42011666	0.1965883534948795
15582549	11777997	2004.0	2002.0	0.5414042	2.0	0.4585958	0.3905030188386612
14699637	11777997	2004.0	2002.0	0.70388925	2.0	0.29611075	-0.42833633396698
15358665	11777997	2004.0	2002.0	0.51763535	2.0	0.4823646499999999	0.510285544990663
15277195	11777997	2004.0	2002.0	0.49386293	2.0	0.5061370700000001	0.6300860620685356
14697368	11777997	2004.0	2002.0	0.5269118	2.0	0.4730881999999999	0.4635371068153731
15460845	11777997	2004.0	2002.0	0.5296089	2.0	0.4703910999999999	0.4499451387022938
17060962	11777997	2004.0	2002.0	0.68391687	2.0	0.31608313	-0.3276860235957284
14977395	11777997	2004.0	2002.0	0.891064	2.0	0.108936	-1.371598813509299
15544040	11777997	2004.0	2002.0	-0.0693863	2.0	1.0693863	3.468566494338923
15539118	11777997	2004.0	2002.0	0.14849845	2.0	0.85150155	2.370541736515242
15246732	11777997	2004.0	2002.0	0.61980605	2.0	0.38019395	-0.0046011468231332
15648736	11777997	2004.0	2002.0	0.4391574	2.0	0.5608426	0.9057732147025132
14970913	11777997	2004.0	2002.0	0.5113434	2.0	0.4886566	0.5419936699282218
15545526	11777997	2004.0	2002.0	-0.21477959	2.0	1.21477959	4.201272349344556
15366141	11777997	2004.0	2002.0	0.6790016	2.0	0.3209984	-0.302915643147404
15218958	11777997	2004.0	2002.0	0.41819057	2.0	0.5818094300000001	1.011435031020913
15182763	11777997	2004.0	2002.0	0.49277654	2.0	0.5072234600000001	0.6355608973502709
15362201	11777997	2004.0	2002.0	0.48482803	2.0	0.5151719699999999	0.6756172150494626
15526158	11777997	2004.0	2002.0	0.61151296	2.0	0.38848704	0.0371916731831315
15485097	11777997	2004.0	2002.0	0.6614987	2.0	0.3385013	-0.2147102155820874
14718284	11777997	2004.0	2002.0	0.4351762	2.0	0.5648238	0.925836372706218
15765600	11777997	2004.0	2002.0	0.5857832	2.0	0.4142168	0.1668561563232389
15201159	11777997	2004.0	2002.0	0.6201395	2.0	0.3798605	-0.0062815597730815
15551805	11777997	2004.0	2002.0	0.030845752	2.0	0.969154248	2.963449570720035
15174961	11777997	2004.0	2002.0	0.527699	2.0	0.4723009999999999	0.4595700320689359
15302801	11777997	2004.0	2002.0	0.6248779	2.0	0.3751221	-0.0301606082722159
15277695	11777997	2004.0	2002.0	0.52587056	2.0	0.47412944	0.4687844097993424
14979472	11777997	2004.0	2002.0	0.5386762	2.0	0.4613237999999999	0.4042507067302779
14961983	11777997	2004.0	2002.0	0.40229678	2.0	0.59770322	1.091531388914939
14720287	11777997	2004.0	2002.0	0.6039115	2.0	0.3960884999999999	0.0754990410719184
15034100	11777997	2004.0	2002.0	0.4015676	2.0	0.5984324	1.0952060733199276
15034593	11777997	2004.0	2002.0	0.59325975	2.0	0.40674025	0.1291782692608967
15336841	11777997	2004.0	2002.0	0.8984932	2.0	0.1015068	-1.4090380814288008
15336838	11777997	2004.0	2002.0	0.74010724	2.0	0.2598927599999999	-0.6108559903385736
15034594	11777997	2004.0	2002.0	0.4565108	2.0	0.5434892	0.8183211886547176
15336836	11777997	2004.0	2002.0	0.6826457	2.0	0.3173543	-0.3212799941172875
15238594	11777997	2004.0	2002.0	0.4848304	2.0	0.5151696	0.6756052714936334
15063402	11777997	2004.0	2002.0	0.42186934	2.0	0.57813066	0.9928959614516152
15328150	11777997	2004.0	2002.0	0.50100744	2.0	0.49899256	0.5940814822963445
15238877	11777997	2004.0	2002.0	0.570264	2.0	0.429736	0.2450647772644349
15573071	11777997	2004.0	2002.0	0.4796951	2.0	0.5203049	0.7014844876335968
15690975	11777997	2004.0	2002.0	0.538866	2.0	0.461134	0.4032942143689042
15336835	11777997	2004.0	2002.0	0.56824255	2.0	0.43175745	0.2552518240710731
15010330	11777997	2004.0	2002.0	0.384145	2.0	0.615855	1.183006831040048
15010325	11777997	2004.0	2002.0	0.43314743	2.0	0.56685257	0.936060308470102
15124922	11777997	2004.0	2002.0	0.5080724	2.0	0.4919276	0.5584777927630751
15024585	11777997	2004.0	2002.0	0.5905039	2.0	0.4094961	0.143066306532199
15568146	11777997	2004.0	2002.0	0.50276464	2.0	0.49723536	0.5852261167673306
15084163	11777997	2004.0	2002.0	0.51976234	2.0	0.48023766	0.4995666319889806
15231728	11777997	2004.0	2002.0	0.75019944	2.0	0.2498005599999999	-0.6617153802725096
15192018	11777997	2004.0	2002.0	0.58758676	2.0	0.41241324	0.1577671607316681
15022334	11777997	2004.0	2002.0	0.4146249	2.0	0.5853751	1.029404135963912
15066451	11777997	2004.0	2002.0	0.45591998	2.0	0.54408002	0.8212986112940597
15563947	11777997	2004.0	2002.0	0.46565327	2.0	0.53434673	0.7722479393444273
15031270	11777997	2004.0	2002.0	0.6390863	2.0	0.3609137	-0.1017634853393903
15159329	11777997	2004.0	2002.0	0.5976459	2.0	0.4023541	0.1070743758423425
15627297	11777997	2004.0	2002.0	0.4174577	2.0	0.5825423000000001	1.0151283110887757
15122675	11777997	2004.0	2002.0	0.5777612	2.0	0.4222388	0.2072828250426493
15329756	11777997	2004.0	2002.0	0.53795636	2.0	0.46204364	0.4078783224384532
15120885	11777997	2004.0	2002.0	0.5484727	2.0	0.4515272999999999	0.3548814895637728
15053188	11777997	2004.0	2002.0	0.93565345	2.0	0.06434655	-1.5963062335455391
15207251	11777997	2004.0	2002.0	0.5747133	2.0	0.4252867	0.2226426409975098
15329815	11777997	2004.0	2002.0	0.54490554	2.0	0.45509446	0.3728581033245722
15056423	11777997	2004.0	2002.0	0.52759194	2.0	0.47240806	0.4601095582660316
15223912	11777997	2004.0	2002.0	0.49954537	2.0	0.50045463	0.6014495475586965
15659052	11777997	2004.0	2002.0	0.5658577	2.0	0.4341423	0.2672702161049158
15197155	11777997	2004.0	2002.0	0.8867587	2.0	0.1132412999999999	-1.34990236164721
14594211	11777997	2004.0	2002.0	0.5176549	2.0	0.4823450999999999	0.5101870232537565
15329825	11777997	2004.0	2002.0	0.562553	2.0	0.437447	0.2839241692484009
15008613	11777997	2004.0	2002.0	0.5749608	2.0	0.4250391999999999	0.2213953709266975
15054087	11777997	2004.0	2002.0	0.6033935	2.0	0.3966065	0.078109489139315
15050743	11777997	2004.0	2002.0	0.51565945	2.0	0.48434055	0.5202430437095217
15194742	11777997	2004.0	2002.0	0.5346976	2.0	0.4653024	0.4243007620988954
12439633	11777997	2002.0	2002.0	0.54999024	0.0	0.45000976	0.8817927370535633
12439632	11777997	2002.0	2002.0	0.6616228	0.0	0.3383772	0.2614065581571289
12366377	11777997	2002.0	2002.0	0.5278561	0.0	0.4721438999999999	1.0048008857313209
12451264	11777997	2002.0	2002.0	0.52237743	0.0	0.4776225699999999	1.0352480164495856
12439629	11777997	2002.0	2002.0	0.49404442	0.0	0.50595558	1.1927057313898723
12352259	11777997	2002.0	2002.0	0.5264649	0.0	0.4735351	1.0125323330087168
11986419	11777997	2002.0	2002.0	0.5273578	0.0	0.4726422	1.0075701354282205
11934829	11777997	2002.0	2002.0	0.6202759	0.0	0.3797241	0.4911875942653482
12423687	11777997	2002.0	2002.0	0.4514146	0.0	0.5485854	1.4296164600952146
12160846	11777997	2002.0	2002.0	0.44276097	0.0	0.5572390300000001	1.4777080961670166
11967271	11777997	2002.0	2002.0	0.55844134	0.0	0.44155866	0.8348266400969793
12016271	11777997	2002.0	2002.0	0.93376684	0.0	0.06623316	-1.2510052425311151
12093758	11777997	2002.0	2002.0	0.5739654	0.0	0.4260346	0.7485533138885778
12093763	11777997	2002.0	2002.0	0.5708315	0.0	0.4291684999999999	0.7659696326224981
12093766	11777997	2002.0	2002.0	0.6341435	0.0	0.3658565	0.4141198698087543
12437931	11777997	2002.0	2002.0	0.4880179	0.0	0.5119821	1.2261974807042566
12147178	11777997	2002.0	2002.0	0.8622498	0.0	0.1377502	-0.8535568352601229
11854478	11777997	2002.0	2002.0	0.48565546	0.0	0.51434454	1.2393264918500375
12370212	11777997	2002.0	2002.0	0.5024388	0.0	0.4975612	1.1460548498513266
12241534	11777997	2002.0	2002.0	0.4854461	0.0	0.5145539	1.2404899879699314
11983915	11777997	2002.0	2002.0	0.9341276	0.0	0.0658724	-1.2530101281836403
12858578	11777997	2002.0	2002.0	0.5814266	0.0	0.4185734	0.7070884817824064
12437260	11777997	2002.0	2002.0	0.43418255	0.0	0.5658174499999999	1.5253817605958235
12445881	11777997	2002.0	2002.0	0.47868752	0.0	0.52131248	1.278050083527767
11847012	11777997	2002.0	2002.0	0.5621042	0.0	0.4378957999999999	0.8144706819497092
12242268	11777997	2002.0	2002.0	0.50754744	0.0	0.49245256	1.1176641218329288
12445876	11777997	2002.0	2002.0	0.5686421	0.0	0.4313578999999999	0.7781369922179052
12374903	11777997	2002.0	2002.0	0.59032214	0.0	0.4096778599999999	0.6576524563985899
12545684	11777997	2002.0	2002.0	0.42089355	0.0	0.57910645	1.5992339765743409
11905518	11777997	2002.0	2002.0	0.55758	0.0	0.44242	0.8396134463059446
12234298	11777997	2002.0	2002.0	0.45143017	0.0	0.5485698299999999	1.429529931462301
11991840	11777997	2002.0	2002.0	0.47843072	0.0	0.52156928	1.2794772224444115
12106538	11777997	2002.0	2002.0	0.51713675	0.0	0.4828632499999999	1.0643725428424136
12107494	11777997	2002.0	2002.0	0.5725686	0.0	0.4274314	0.7563158825753706
12446111	11777997	2002.0	2002.0	0.5578641	0.0	0.4421359	0.8380345905184889
12235112	11777997	2002.0	2002.0	0.50916153	0.0	0.49083847	1.108693986887578
12436292	11777997	2002.0	2002.0	0.4629207	0.0	0.5370793	1.365672522833539
11994259	11777997	2002.0	2002.0	0.6417976	0.0	0.3582024	0.3715830162967396
12039793	11777997	2002.0	2002.0	0.5617543	0.0	0.4382456999999999	0.8164152142975821
12270976	11777997	2002.0	2002.0	0.51764184	0.0	0.48235816	1.0615655584366204
12480809	11777997	2002.0	2002.0	0.62329847	0.0	0.3767015299999999	0.474389980265033
12324214	11777997	2002.0	2002.0	0.5488197	0.0	0.4511803	0.8882978896528175
12360233	11777997	2002.0	2002.0	0.59962046	0.0	0.40037954	0.6059780236438786
12568982	11777997	2002.0	2002.0	0.53037405	0.0	0.4696259499999999	0.9908076441613678
12403676	11777997	2002.0	2002.0	0.93613994	0.0	0.06386006	-1.264193495502642
12117860	11777997	2002.0	2002.0	0.6120386	0.0	0.3879614	0.5369655202703024
12360861	11777997	2002.0	2002.0	0.60627747	0.0	0.39372253	0.5689823926489849
12115861	11777997	2002.0	2002.0	0.5144395	0.0	0.4855604999999999	1.0793622252525312
12115863	11777997	2002.0	2002.0	0.5738424	0.0	0.4261576	0.7492368734164095
12457281	11777997	2002.0	2002.0	0.56871074	0.0	0.43128926	0.7777555326570081
12022604	11777997	2002.0	2002.0	0.45574126	0.0	0.5442587400000001	1.405571503455467
12611044	11777997	2002.0	2002.0	0.58387643	0.0	0.41612357	0.6934738099281924
12430844	11777997	2002.0	2002.0	0.74789375	0.0	0.25210625	-0.2180351479209669
11778004	11777997	2002.0	2002.0	0.77327037	0.0	0.22672963	-0.3590630372312794
12360137	11777997	2002.0	2002.0	0.540864	0.0	0.459136	0.9325108533566542
12568987	11777997	2002.0	2002.0	0.7535144	0.0	0.2464855999999999	-0.249271317515342
12172545	11777997	2002.0	2002.0	0.47870123	0.0	0.52129877	1.2779738916486896
16275869	11777997	2005.0	2002.0	0.52275234	3.0	0.4772476599999999	0.6026501133937845
15760308	11777997	2005.0	2002.0	0.2693785	3.0	0.7306215	2.0922191747270444
16275883	11777997	2005.0	2002.0	0.6483	3.0	0.3517	-0.1354367785236571
15734798	11777997	2005.0	2002.0	0.8698195	3.0	0.1301805	-1.437736154347195
15820249	11777997	2005.0	2002.0	0.54893184	3.0	0.45106816	0.4487424596234745
15734770	11777997	2005.0	2002.0	0.60264057	3.0	0.3973594299999999	0.1329921732817526
16278163	11777997	2005.0	2002.0	0.48478264	3.0	0.5152173600000001	0.8258716203500892
16278165	11777997	2005.0	2002.0	0.33220068	3.0	0.66779932	1.722891482122673
16286608	11777997	2005.0	2002.0	0.61694485	3.0	0.38305515	0.0488981999945022
15814279	11777997	2005.0	2002.0	0.42010275	3.0	0.5798972499999999	1.2061206746109323
16287425	11777997	2005.0	2002.0	0.5347777	3.0	0.4652223	0.5319537691800547
16353069	11777997	2005.0	2002.0	0.8040334	3.0	0.1959666	-1.0509837602335177
15973694	11777997	2005.0	2002.0	0.46681714	3.0	0.5331828599999999	0.9314896785181402
15932947	11777997	2005.0	2002.0	0.9476316	3.0	0.0523683999999999	-1.895188655194835
15490202	11777997	2005.0	2002.0	0.48292157	3.0	0.51707843	0.8368127352377799
16382890	11777997	2005.0	2002.0	0.69126135	3.0	0.30873865	-0.3880038856611171
15345590	11777997	2005.0	2002.0	0.66496885	3.0	0.33503115	-0.233431911912348
16412954	11777997	2005.0	2002.0	0.6133567	3.0	0.3866433	0.0699927108856935
15762847	11777997	2005.0	2002.0	0.59981287	3.0	0.4001871299999999	0.1496160458754349
15639493	11777997	2005.0	2002.0	0.5964955	3.0	0.4035045	0.1691186579722293
15832102	11777997	2005.0	2002.0	0.5945632	3.0	0.4054368	0.1804785296038636
16256786	11777997	2005.0	2002.0	0.4719123	3.0	0.5280876999999999	0.9015355494788412
15769447	11777997	2005.0	2002.0	0.52983737	3.0	0.47016263	0.5609976622701094
16183916	11777997	2005.0	2002.0	0.92766804	3.0	0.0723319599999999	-1.7778241264413133
15992820	11777997	2005.0	2002.0	0.46963283	3.0	0.53036717	0.9149364119681864
15760943	11777997	2005.0	2002.0	0.44970986	3.0	0.55029014	1.0320623146338708
16269652	11777997	2005.0	2002.0	0.62513155	3.0	0.37486845	0.0007690993958888
17132868	11777997	2005.0	2002.0	0.5601161	3.0	0.4398839	0.3829908900458605
16159869	11777997	2005.0	2002.0	0.5327226	3.0	0.4672773999999999	0.5440355743811992
16003373	11777997	2005.0	2002.0	0.62595445	3.0	0.3740455499999999	-0.0040686785711311
16014065	11777997	2005.0	2002.0	0.502957	3.0	0.497043	0.7190256872200832
15753371	11777997	2005.0	2002.0	0.3673068	3.0	0.6326932000000001	1.5165047840505572
15653382	11777997	2005.0	2002.0	0.5382653	3.0	0.4617347	0.5114503854909345
15784162	11777997	2005.0	2002.0	0.5744761	3.0	0.4255238999999999	0.2985693423409133
16007818	11777997	2005.0	2002.0	0.520407	3.0	0.479593	0.6164382215201304
16194607	11777997	2005.0	2002.0	0.5583473	3.0	0.4416527	0.3933895553369825
16429891	11777997	2005.0	2002.0	0.59516805	3.0	0.40483195	0.1769226540377539
16168894	11777997	2005.0	2002.0	0.50572264	3.0	0.49427736	0.7027666615101452
16182134	11777997	2005.0	2002.0	0.8330074	3.0	0.1669926	-1.2213201058604763
15968888	11777997	2005.0	2002.0	0.5202278	3.0	0.4797722	0.6174917271850832
15949500	11777997	2005.0	2002.0	0.48664904	3.0	0.51335096	0.8148991707235907
15938024	11777997	2005.0	2002.0	0.6489076	3.0	0.3510923999999999	-0.1390088211688889
15757365	11777997	2005.0	2002.0	0.49679786	3.0	0.50320214	0.7552348885662841
16297801	11777997	2005.0	2002.0	0.45465094	3.0	0.5453490599999999	1.0030140123404192
15795157	11777997	2005.0	2002.0	0.47057968	3.0	0.52942032	0.9093699396531152
15809013	11777997	2005.0	2002.0	0.5100058	3.0	0.4899942	0.6775862300151649
16168287	11777997	2005.0	2002.0	0.54307294	3.0	0.45692706	0.4831865686658501
15970570	11777997	2005.0	2002.0	0.729256	3.0	0.270744	-0.6113720721170897
15944941	11777997	2005.0	2002.0	0.48474544	3.0	0.51525456	0.8260903168385725
16371205	11777997	2005.0	2002.0	0.67630523	3.0	0.32369477	-0.3000777855175994
16307987	11777997	2005.0	2002.0	0.5734298	3.0	0.4265702	0.3047204750264071
15957005	11777997	2005.0	2002.0	0.52859825	3.0	0.4714017499999999	0.5682823717542422
16364868	11777997	2005.0	2002.0	0.5402919	3.0	0.4597080999999999	0.4995361300188694
16364866	11777997	2005.0	2002.0	0.4317885	3.0	0.5682115	1.1374208764846736
16364842	11777997	2005.0	2002.0	0.59136426	3.0	0.40863574	0.1992848990896061
16158493	11777997	2005.0	2002.0	0.5389242	3.0	0.4610758	0.5075767533333585
15867193	11777997	2005.0	2002.0	0.6146655	3.0	0.3853345	0.0622983570113039
16091422	11777997	2005.0	2002.0	0.6670622	3.0	0.3329377999999999	-0.2457385864867324
16093512	11777997	2005.0	2002.0	0.7212248	3.0	0.2787752	-0.5641571463560888
16230517	11777997	2005.0	2002.0	0.5033613	3.0	0.4966387	0.71664883264229
16253213	11777997	2005.0	2002.0	0.6455095	3.0	0.3544905	-0.1190316024184581
16086558	11777997	2005.0	2002.0	0.5154396	3.0	0.4845604	0.6456412574581214
15838563	11777997	2005.0	2002.0	0.5407855	3.0	0.4592144999999999	0.4966342862899585
15912489	11777997	2005.0	2002.0	0.44729847	3.0	0.55270153	1.0462387266060318
16077394	11777997	2005.0	2002.0	0.5153923	3.0	0.4846077	0.6459193312190157
16129194	11777997	2005.0	2002.0	0.54044867	3.0	0.45955133	0.4986144889301718
16152682	11777997	2005.0	2002.0	0.52349174	3.0	0.47650826	0.5983032267382808
16023094	11777997	2005.0	2002.0	0.6692055	3.0	0.3307945	-0.2583389140073459
15705929	11777997	2005.0	2002.0	0.49758667	3.0	0.50241333	0.750597523590996
16023517	11777997	2005.0	2002.0	0.4688623	3.0	0.5311376999999999	0.9194663099593484
16205656	11777997	2005.0	2002.0	0.38964787	3.0	0.61035213	1.3851630217396542
15912272	11777997	2005.0	2002.0	0.54172033	3.0	0.45827967	0.491138478807994
15897328	11777997	2005.0	2002.0	0.45373458	3.0	0.54626542	1.008401235840065
16524054	11777997	2005.0	2002.0	0.33992028	3.0	0.6600797199999999	1.677508433399615
16236965	11777997	2005.0	2002.0	0.7067054	3.0	0.2932945999999999	-0.4787984959558657
15621033	11777997	2005.0	2002.0	0.54585916	3.0	0.45414084	0.4668065544147022
15569828	11777997	2005.0	2002.0	0.9211221	3.0	0.0788778999999999	-1.7393409519299123
15710285	11777997	2005.0	2002.0	0.56223154	3.0	0.43776846	0.3705543497340952
16234894	11777997	2005.0	2002.0	0.6298537	3.0	0.3701463	-0.0269921270313335
16245507	11777997	2005.0	2002.0	0.59819937	3.0	0.40180063	0.1591017121165167
15661098	11777997	2005.0	2002.0	0.44636494	3.0	0.55363506	1.0517268914687754
15860518	11777997	2005.0	2002.0	0.69258296	3.0	0.30741704	-0.3957735487295246
15682165	11777997	2005.0	2002.0	0.5813913	3.0	0.4186086999999999	0.2579153112344196
15861360	11777997	2005.0	2002.0	0.46813285	3.0	0.5318671500000001	0.923754701183122
15682436	11777997	2005.0	2002.0	0.6300294	3.0	0.3699706	-0.028025056413768
16027887	11777997	2005.0	2002.0	0.39186358	3.0	0.60813642	1.3721370003284197
16143261	11777997	2005.0	2002.0	0.50507444	3.0	0.49492556	0.7065773890325926
15837094	11777997	2005.0	2002.0	0.5378849	3.0	0.4621151	0.5136867334538145
16049339	11777997	2005.0	2002.0	0.4311974	3.0	0.5688025999999999	1.1408959166551744
15888060	11777997	2005.0	2002.0	0.45118588	3.0	0.5488141200000001	1.0233848847701208
15894895	11777997	2005.0	2002.0	0.49102548	3.0	0.50897452	0.7891703519047996
16061116	11777997	2005.0	2002.0	0.5289437	3.0	0.4710563	0.566251492669655
16038708	11777997	2005.0	2002.0	0.80687934	3.0	0.19312066	-1.0677148646538106
15680354	11777997	2005.0	2002.0	0.5142826	3.0	0.4857173999999999	0.6524431885649891
17631436	11777997	2007.0	2002.0	0.7047656	5.0	0.2952344	-0.5637325538836173
17567755	11777997	2007.0	2002.0	0.43242308	5.0	0.56757692	1.0841066620561397
18167221	11777997	2007.0	2002.0	0.41483995	5.0	0.58516005	1.1904953785627168
17324640	11777997	2007.0	2002.0	0.5133704	5.0	0.4866296	0.5943257482229832
17585951	11777997	2007.0	2002.0	0.50189805	5.0	0.49810195	0.6637404992834732
17721612	11777997	2007.0	2002.0	0.514555	5.0	0.485445	0.5871581919589001
17599898	11777997	2007.0	2002.0	0.41059917	5.0	0.58940083	1.216154697534183
17631435	11777997	2007.0	2002.0	0.6654757	5.0	0.3345243	-0.3260045707161287
17150015	11777997	2007.0	2002.0	0.5832334	5.0	0.4167666	0.1716117660537676
16980351	11777997	2007.0	2002.0	0.35455886	5.0	0.64544114	1.5552329306775825
17216393	11777997	2007.0	2002.0	0.5607821	5.0	0.4392179	0.3074558956771124
17230208	11777997	2007.0	2002.0	0.623884	5.0	0.376116	-0.0743492863426067
17230214	11777997	2007.0	2002.0	0.5412411	5.0	0.4587588999999999	0.4256909260303553
17362983	11777997	2007.0	2002.0	0.60527444	5.0	0.39472556	0.0382499609559197
17690178	11777997	2007.0	2002.0	0.4444496	5.0	0.5555504	1.0113388427406549
17070610	11777997	2007.0	2002.0	0.5659648	5.0	0.4340351999999999	0.2760973832257657
17628855	11777997	2007.0	2002.0	0.43247455	5.0	0.56752545	1.0837952370004982
17127279	11777997	2007.0	2002.0	0.51095116	5.0	0.48904884	0.6089636334300753
17709737	11777997	2007.0	2002.0	0.9174567	5.0	0.0825432999999999	-1.8506441072516493
17333393	11777997	2007.0	2002.0	0.33630833	5.0	0.66369167	1.6656598263591122
17577135	11777997	2007.0	2002.0	0.41431266	5.0	0.58568734	1.1936858063379052
17431420	11777997	2007.0	2002.0	0.5385463	5.0	0.4614536999999999	0.4419961181799853
16960017	11777997	2007.0	2002.0	0.42263275	5.0	0.57736725	1.1433441608902968
17332885	11777997	2007.0	2002.0	0.52291846	5.0	0.47708154	0.5365541314216637
17576022	11777997	2007.0	2002.0	0.48399135	5.0	0.5160086500000001	0.7720870126669453
17951368	11777997	2007.0	2002.0	0.49362573	5.0	0.50637427	0.7137931069438663
17580196	11777997	2007.0	2002.0	0.4850268	5.0	0.5149732	0.7658219053449418
17702975	11777997	2007.0	2002.0	0.6436264	5.0	0.3563735999999999	-0.1938029101717801
17652881	11777997	2007.0	2002.0	0.5107478	5.0	0.4892522	0.6101940861076575
17380307	11777997	2007.0	2002.0	0.81823677	5.0	0.18176323	-1.2503027001999794
17124006	11777997	2007.0	2002.0	0.9352609	5.0	0.0647391	-1.9583704327935976
17694566	11777997	2007.0	2002.0	0.5049196	5.0	0.4950804	0.6454582693073283
17638430	11777997	2007.0	2002.0	0.42323828	5.0	0.5767617199999999	1.1396803331471
17682840	11777997	2007.0	2002.0	0.595088	5.0	0.404912	0.0998841681403778
17716688	11777997	2007.0	2002.0	0.6534626	5.0	0.3465374	-0.2533179506282853
17640547	11777997	2007.0	2002.0	0.5953172	5.0	0.4046828	0.0984973676206005
17431198	11777997	2007.0	2002.0	0.56704444	5.0	0.43295556	0.2695648993114027
17218398	11777997	2007.0	2002.0	0.5426014	5.0	0.4573986	0.4174602770467048
17218403	11777997	2007.0	2002.0	0.49703994	5.0	0.5029600599999999	0.6931350432325744
18496977	11777997	2007.0	2002.0	-0.057031766	5.0	1.057031766	4.045608559264678
17290032	11777997	2007.0	2002.0	0.536219	5.0	0.463781	0.4560777100197636
17284988	11777997	2007.0	2002.0	0.50456613	5.0	0.49543387	0.6475969795155556
17150190	11777997	2007.0	2002.0	0.59085935	5.0	0.40914065	0.1254700931750861
18038427	11777997	2007.0	2002.0	0.56920314	5.0	0.4307968599999999	0.2565034408382665
17261360	11777997	2007.0	2002.0	0.5326218	5.0	0.4673781999999999	0.4778429754200339
17555531	11777997	2007.0	2002.0	0.6338139	5.0	0.3661860999999999	-0.134431269245461
17187464	11777997	2007.0	2002.0	0.4643337	5.0	0.5356662999999999	0.8910278470369069
17187455	11777997	2007.0	2002.0	0.5697375	5.0	0.4302625	0.2532702352285457
17554510	11777997	2007.0	2002.0	0.51123166	5.0	0.48876834	0.6072664364588821
17302697	11777997	2007.0	2002.0	0.4745014	5.0	0.5254985999999999	0.8295070283417186
17826855	11777997	2007.0	2002.0	0.5341381	5.0	0.4658619	0.4686684307946507
17283259	11777997	2007.0	2002.0	0.6486073	5.0	0.3513927	-0.2239404089019609
17293268	11777997	2007.0	2002.0	0.47568476	5.0	0.52431524	0.8223469748378647
17293265	11777997	2007.0	2002.0	0.46731967	5.0	0.53268033	0.872960897874435
18060023	11777997	2007.0	2002.0	0.47942853	5.0	0.5205714699999999	0.799694871077281
17273760	11777997	2007.0	2002.0	0.43258026	5.0	0.5674197400000001	1.0831556266909628
17208206	11777997	2007.0	2002.0	0.43465447	5.0	0.56534553	1.0706053845176344
17784827	11777997	2007.0	2002.0	0.38553753	5.0	0.61446247	1.3677929845257422
17498519	11777997	2007.0	2002.0	0.58738226	5.0	0.4126177399999999	0.1465086194373529
18022076	11777997	2007.0	2002.0	0.6858048	5.0	0.3141952	-0.4490080892440504
17487241	11777997	2007.0	2002.0	0.43959317	5.0	0.56040683	1.0407232216597684
16920567	11777997	2006.0	2002.0	0.48398942	4.0	0.51601058	0.6221009125147741
16627431	11777997	2006.0	2002.0	0.48069608	4.0	0.51930392	0.6393331747658421
16918254	11777997	2006.0	2002.0	0.6335761	4.0	0.3664239	-0.160605063493341
17077278	11777997	2006.0	2002.0	0.65200746	4.0	0.34799254	-0.2570463750991401
16935028	11777997	2006.0	2002.0	0.56143224	4.0	0.43856776	0.2168846324761983
17081096	11777997	2006.0	2002.0	0.57131696	4.0	0.42868304	0.1651632531717916
16771629	11777997	2006.0	2002.0	0.5120011	4.0	0.4879989	0.4755309817293124
17117309	11777997	2006.0	2002.0	0.5273497	4.0	0.4726502999999999	0.3952200814315172
16610974	11777997	2006.0	2002.0	0.6390286	4.0	0.3609714	-0.1891350391180706
16389603	11777997	2006.0	2002.0	0.518399	4.0	0.4816009999999999	0.4420542405923183
16557410	11777997	2006.0	2002.0	0.60072434	4.0	0.39927566	0.0112903811704776
16682300	11777997	2006.0	2002.0	0.93606603	4.0	0.06393397	-1.7433708277530764
16682301	11777997	2006.0	2002.0	0.6244876	4.0	0.3755123999999999	-0.1130498716610889
16989721	11777997	2006.0	2002.0	-0.020923525	4.0	1.020923525	3.2640365408431573
16623806	11777997	2006.0	2002.0	0.5540376	4.0	0.4459624	0.2555767735039199
16414455	11777997	2006.0	2002.0	0.5494648	4.0	0.4505352	0.2795037560874624
16623813	11777997	2006.0	2002.0	0.5745736	4.0	0.4254264	0.1481230221184178
17132773	11777997	2006.0	2002.0	0.5779822	4.0	0.4220178	0.1302876667925208
17144992	11777997	2006.0	2002.0	0.8645811	4.0	0.1354189	-1.3693289551376684
16780589	11777997	2006.0	2002.0	0.41064435	4.0	0.58935565	1.0058758890015411
16443759	11777997	2006.0	2002.0	0.4947007	4.0	0.5052993	0.5660545929715086
16368357	11777997	2006.0	2002.0	0.58389515	4.0	0.4161048499999999	0.0993484060185187
17045911	11777997	2006.0	2002.0	0.5152586	4.0	0.4847414	0.4584862507623142
16368356	11777997	2006.0	2002.0	0.5117085	4.0	0.4882915	0.477061998853163
16645150	11777997	2006.0	2002.0	0.51689947	4.0	0.48310053	0.4499004678914567
16446778	11777997	2006.0	2002.0	0.639846	4.0	0.360154	-0.1934120500443717
16651472	11777997	2006.0	2002.0	0.4362825	4.0	0.5637175	0.8717253535474988
16738831	11777997	2006.0	2002.0	0.4916004	4.0	0.5083996	0.5822767815876201
16738836	11777997	2006.0	2002.0	0.64773273	4.0	0.35226727	-0.234679031183083
16953437	11777997	2006.0	2002.0	0.62954926	4.0	0.37045074	-0.1395347935172409
16937035	11777997	2006.0	2002.0	0.6143688	4.0	0.3856311999999999	-0.0601036786576015
16460265	11777997	2006.0	2002.0	0.5629956	4.0	0.4370043999999999	0.2087044174018879
16763950	11777997	2006.0	2002.0	0.4040515	4.0	0.5959485	1.0403726977677032
16549650	11777997	2006.0	2002.0	0.9117388	4.0	0.0882612	-1.61607962575084
16969166	11777997	2006.0	2002.0	0.51440424	4.0	0.48559576	0.462956653325312
16887108	11777997	2006.0	2002.0	0.543116	4.0	0.4568839999999999	0.3127235835512464
17110606	11777997	2006.0	2002.0	0.5375093	4.0	0.4624907	0.3420604041537543
17122447	11777997	2006.0	2002.0	0.594813	4.0	0.4051869999999999	0.0422212176875777
16904560	11777997	2006.0	2002.0	0.67926544	4.0	0.32073456	-0.399672602513972
16641570	11777997	2006.0	2002.0	0.38861948	4.0	0.61138052	1.121120089687069
16643380	11777997	2006.0	2002.0	0.54947066	4.0	0.45052934	0.2794730938853236
16553971	11777997	2006.0	2002.0	0.574403	4.0	0.425597	0.1490156794025223
16455975	11777997	2006.0	2002.0	0.47928578	4.0	0.52071422	0.6467125098641558
16549545	11777997	2006.0	2002.0	0.5609753	4.0	0.4390247	0.219275551698934
16549553	11777997	2006.0	2002.0	0.70513064	4.0	0.2948693599999999	-0.535011167489444
18528477	11777997	2006.0	2002.0	0.63188285	4.0	0.36811715	-0.151745204488009
16854401	11777997	2006.0	2002.0	0.59301656	4.0	0.40698344	0.0516210140032659
16253262	11777997	2006.0	2002.0	0.42681152	4.0	0.57318848	0.9212818558019332
16826790	11777997	2006.0	2002.0	0.62396806	4.0	0.3760319399999999	-0.110331400586156
16826794	11777997	2006.0	2002.0	0.6734385	4.0	0.3265614999999999	-0.3691833854269915
17465802	11777997	2006.0	2002.0	0.7127898	4.0	0.2872101999999999	-0.5750873982287205
17465787	11777997	2006.0	2002.0	0.6306961	4.0	0.3693039	-0.1455355853091647
16534014	11777997	2006.0	2002.0	0.5983016	4.0	0.4016984	0.0239672657454537
16481411	11777997	2006.0	2002.0	0.49860153	4.0	0.50139847	0.5456436649905432
16829790	11777997	2006.0	2002.0	0.47333187	4.0	0.52666813	0.6778660921056661
16507351	11777997	2006.0	2002.0	0.5133725	4.0	0.4866275	0.4683551892356389
17848721	11777997	2006.0	2002.0	0.5491458	4.0	0.4508542	0.2811729100946678
16860669	11777997	2006.0	2002.0	0.51424444	4.0	0.48575556	0.4637928000662253
17173496	11777997	2006.0	2002.0	0.54863393	4.0	0.4513660699999999	0.2838512482190198
17168694	11777997	2006.0	2002.0	0.5744238	4.0	0.4255761999999999	0.148906844282303
16501638	11777997	2006.0	2002.0	0.7936011	4.0	0.2063989	-0.9979291073901548
16488724	11777997	2006.0	2002.0	0.42700565	4.0	0.57299435	0.9202660787880808
16503148	11777997	2006.0	2002.0	0.5744714	4.0	0.4255286	0.1486577792956482
16501639	11777997	2006.0	2002.0	0.8144176	4.0	0.1855824	-1.1068505631613033
16501636	11777997	2006.0	2002.0	0.53458345	4.0	0.46541655	0.3573697905236059
16140337	11777997	2006.0	2002.0	0.47629282	4.0	0.5237071799999999	0.6623730464704445
16501641	11777997	2006.0	2002.0	0.55013525	4.0	0.44986475	0.275995654820594
17170503	11777997	2006.0	2002.0	0.45770195	4.0	0.54229805	0.7596489874044235
16835014	11777997	2006.0	2002.0	0.6890204	4.0	0.3109796	-0.4507150181068584
17004246	11777997	2006.0	2002.0	-0.12930565	4.0	1.12930565	3.831141425649469
16520257	11777997	2006.0	2002.0	0.5505164	4.0	0.4494836	0.2740013035671567
16528017	11777997	2006.0	2002.0	0.43567657	4.0	0.56432343	0.8748958566433799
17395668	11777997	2008.0	2002.0	0.65413857	6.0	0.34586143	-0.3444652650928543
18365026	11777997	2008.0	2002.0	0.46541607	6.0	0.5345839299999999	0.6580684984799857
18290252	11777997	2008.0	2002.0	0.42628717	6.0	0.5737128300000001	0.8659294762725936
18334721	11777997	2008.0	2002.0	0.55491096	6.0	0.44508904	0.1826527484118313
18393120	11777997	2008.0	2002.0	0.61135215	6.0	0.38864785	-0.1171747688753485
19100466	11777997	2008.0	2002.0	0.48036498	6.0	0.51963502	0.5786567325081929
18682720	11777997	2008.0	2002.0	0.38743886	6.0	0.61256114	1.072299900746328
18291721	11777997	2008.0	2002.0	0.5470424	6.0	0.4529575999999999	0.2244522003621744
18452881	11777997	2008.0	2002.0	0.6901211	6.0	0.3098788999999999	-0.5356120611758477
20443822	11777997	2008.0	2002.0	0.94071454	6.0	0.05928546	-1.8668173203784588
18154463	11777997	2008.0	2002.0	0.5905742	6.0	0.4094257999999999	-0.0067979117818475
17689256	11777997	2008.0	2002.0	0.4727342	6.0	0.5272658	0.6191930468978202
18288183	11777997	2008.0	2002.0	0.7510754	6.0	0.2489246	-0.8594141716022563
18358589	11777997	2008.0	2002.0	0.60234517	6.0	0.39765483	-0.0693277895388872
19060539	11777997	2008.0	2002.0	0.5346514	6.0	0.4653486	0.2902758083815209
19085806	11777997	2008.0	2002.0	0.56525934	6.0	0.43474066	0.1276799690755998
18988903	11777997	2008.0	2002.0	0.6084833	6.0	0.3915167	-0.1019348319964603
18243902	11777997	2008.0	2002.0	0.8782354	6.0	0.1217646	-1.5349149379439615
18160823	11777997	2008.0	2002.0	0.582606	6.0	0.417394	0.035530848884746
17761504	11777997	2008.0	2002.0	0.5667862	6.0	0.4332138	0.119568966401044
18402842	11777997	2008.0	2002.0	0.6690678	6.0	0.3309322	-0.4237724867497557
18664939	11777997	2008.0	2002.0	0.44091377	6.0	0.55908623	0.7882298890677052
18329105	11777997	2008.0	2002.0	0.48600334	6.0	0.51399666	0.5487045738033299
17922278	11777997	2008.0	2002.0	0.52338076	6.0	0.47661924	0.3501478275476224
18307402	11777997	2008.0	2002.0	0.45168117	6.0	0.5483188299999999	0.7310311870269083
18566313	11777997	2008.0	2002.0	0.5918739	6.0	0.4081261	-0.0137021925778073
18755197	11777997	2008.0	2002.0	0.60993916	6.0	0.3900608399999999	-0.1096686676813163
19028920	11777997	2008.0	2002.0	0.63282424	6.0	0.3671757599999999	-0.2312390441974474
19028646	11777997	2008.0	2002.0	0.5326316	6.0	0.4673684	0.3010054124068196
19210759	11777997	2008.0	2002.0	0.48587975	6.0	0.51412025	0.5493611099759639
18772528	11777997	2008.0	2002.0	0.52777964	6.0	0.47222036	0.3267800482849203
19112877	11777997	2008.0	2002.0	0.44064653	6.0	0.55935347	0.7896495243680919
18181953	11777997	2008.0	2002.0	0.5777224	6.0	0.4222776	0.0614735631227638
18443337	11777997	2008.0	2002.0	0.4952869	6.0	0.5047131	0.4993883431145978
18295570	11777997	2008.0	2002.0	0.6220928	6.0	0.3779072	-0.1742313692686171
18223188	11777997	2008.0	2002.0	0.68776006	6.0	0.31223994	-0.5230697182270946
19124422	11777997	2008.0	2002.0	0.6454766	6.0	0.3545234	-0.2984510517157792
17805578	11777997	2008.0	2002.0	0.52219665	6.0	0.4778033499999999	0.3564380698599286
17963771	11777997	2008.0	2002.0	0.52346694	6.0	0.4765330599999999	0.349690021193082
18805183	11777997	2008.0	2002.0	0.42639145	6.0	0.57360855	0.8653755188967353
18037937	11777997	2008.0	2002.0	0.48689407	6.0	0.51310593	0.5439728279901536
18645055	11777997	2008.0	2002.0	0.7408761	6.0	0.2591238999999999	-0.8052333367001732
18480813	11777997	2008.0	2002.0	0.022659408	6.0	0.977340592	3.010085362933393
18481451	11777997	2008.0	2002.0	-0.0867456	6.0	1.0867456	3.591267863292156
18534373	11777997	2008.0	2002.0	0.6800017	6.0	0.3199982999999999	-0.4818556719424547
18079756	11777997	2008.0	2002.0	0.59400827	6.0	0.40599173	-0.0250404166314152
18830206	11777997	2008.0	2002.0	0.35788465	6.0	0.64211535	1.229298103826099
18006465	11777997	2008.0	2002.0	0.56794214	6.0	0.43205786	0.1134283690760597
18006457	11777997	2008.0	2002.0	0.666169	6.0	0.333831	-0.4083734491477478
18607336	11777997	2008.0	2002.0	0.641768	6.0	0.358232	-0.2787501855467417
18467640	11777997	2008.0	2002.0	0.62577873	6.0	0.37422127	-0.1938118076115068
18511408	11777997	2008.0	2002.0	0.5190013	6.0	0.4809987	0.3734124436703249
18654025	11777997	2008.0	2002.0	0.52074975	6.0	0.47925025	0.3641243081331264
18654023	11777997	2008.0	2002.0	0.39386925	6.0	0.6061307499999999	1.038140311466082
19096024	11777997	2009.0	2002.0	0.55481803	7.0	0.44518197	0.2300499861929736
19273382	11777997	2009.0	2002.0	0.6865067	7.0	0.3134933	-0.5533903846704228
19273139	11777997	2009.0	2002.0	0.40698156	7.0	0.59301844	1.109556620164866
19242323	11777997	2009.0	2002.0	0.38073573	7.0	0.61926427	1.2656979403620978
19382894	11777997	2009.0	2002.0	0.6361855	7.0	0.3638145	-0.2540202141744251
18682987	11777997	2009.0	2002.0	0.49914187	7.0	0.50085813	0.561277808895183
19416058	11777997	2009.0	2002.0	0.6144848	7.0	0.3855151999999999	-0.124918717014531
19265462	11777997	2009.0	2002.0	0.42805934	7.0	0.57194066	0.9841609898484758
19184178	11777997	2009.0	2002.0	0.5990115	7.0	0.4009884999999999	-0.0328651797551707
19341619	11777997	2009.0	2002.0	0.39293608	7.0	0.60706392	1.193115790898038
19337897	11777997	2009.0	2002.0	0.63102627	7.0	0.36897373	-0.2233269961126926
19299431	11777997	2009.0	2002.0	0.68569386	7.0	0.31430614	-0.5485546484521693
19346111	11777997	2009.0	2002.0	0.5400602	7.0	0.4599398	0.3178470594593293
19778860	11777997	2009.0	2002.0	0.60641	7.0	0.39359	-0.0768802311930265
19344279	11777997	2009.0	2002.0	0.5661068	7.0	0.4338932	0.1628909955570167
19248173	11777997	2009.0	2002.0	0.59937996	7.0	0.4006200399999999	-0.0350572167698078
19347268	11777997	2009.0	2002.0	0.44431964	7.0	0.55568036	0.88742544333297
19151924	11777997	2009.0	2002.0	0.5803942	7.0	0.4196058	0.0778925977854115
19162035	11777997	2009.0	2002.0	0.6818965	7.0	0.3181035	-0.5259634481104709
19623073	11777997	2009.0	2002.0	0.5906629	7.0	0.4093371	0.0168021931493485
19203220	11777997	2009.0	2002.0	0.4868421	7.0	0.5131579	0.6344514264154634
19203213	11777997	2009.0	2002.0	0.55266213	7.0	0.44733787	0.242875835945609
19367032	11777997	2009.0	2002.0	0.35497144	7.0	0.64502856	1.4189744896098964
19176348	11777997	2009.0	2002.0	0.42029822	7.0	0.5797017799999999	1.0303333350556625
20029535	11777997	2009.0	2002.0	0.57377845	7.0	0.4262215499999999	0.1172509240069418
19632325	11777997	2009.0	2002.0	0.39978838	7.0	0.6002116200000001	1.1523501847660362
18976299	11777997	2009.0	2002.0	0.48386157	7.0	0.51613843	0.6521831532874073
19528962	11777997	2009.0	2002.0	0.5790114	7.0	0.4209886	0.0861191319650787
19553696	11777997	2009.0	2002.0	0.6109725	7.0	0.3890274999999999	-0.1040233915884065
19544423	11777997	2009.0	2002.0	0.5605952	7.0	0.4394048	0.1956805282332199
19544428	11777997	2009.0	2002.0	0.59868956	7.0	0.40131044	-0.0309498988658138
19796617	11777997	2009.0	2002.0	0.56124395	7.0	0.4387560499999999	0.1918209939194653
19747911	11777997	2009.0	2002.0	0.6508872	7.0	0.3491128	-0.3414833596395772
19815820	11777997	2009.0	2002.0	0.9020271	7.0	0.0979729	-1.835561296599501
19907881	11777997	2009.0	2002.0	0.08592724	7.0	0.91407276	3.019568434606423
19735242	11777997	2009.0	2002.0	0.50024295	7.0	0.49975705	0.5547272793503842
19800602	11777997	2009.0	2002.0	0.47927067	7.0	0.52072933	0.6794952705606452
19857353	11777997	2009.0	2002.0	0.5783333	7.0	0.4216666999999999	0.0901532748832386
18939886	11777997	2009.0	2002.0	0.45558912	7.0	0.54441088	0.820381212491869
19442197	11777997	2009.0	2002.0	0.52692926	7.0	0.47307074	0.3959654617743122
19586557	11777997	2009.0	2002.0	0.54637486	7.0	0.45362514	0.280279973602389
28827151	11777997	2018.0	2002.0	0.6962679	16.0	0.3037320999999999	-0.9366013781605812
29044498	11777997	2018.0	2002.0	0.6370101	16.0	0.3629899	-0.5413515901443896
28655642	11777997	2018.0	2002.0	0.8060461	16.0	0.1939539	-1.6688224575593953
29976685	11777997	2018.0	2002.0	0.70935816	16.0	0.29064184	-1.0239134702408943
29720239	11777997	2018.0	2002.0	0.40549675	16.0	0.59450325	1.002843478022474
30060828	11777997	2018.0	2002.0	0.50445324	16.0	0.49554676	0.3428032521732794
28111264	11777997	2018.0	2002.0	0.9076461	16.0	0.0923538999999999	-2.346494906797218
29652725	11777997	2018.0	2002.0	0.40668118	16.0	0.59331882	0.99494332468536
29272722	11777997	2018.0	2002.0	0.4008336	16.0	0.5991664	1.0339467091412071
30239705	11777997	2018.0	2002.0	0.43478623	16.0	0.56521377	0.8074825169151679
29650632	11777997	2018.0	2002.0	0.78478676	16.0	0.2152132399999999	-1.527022565758415
28578204	11777997	2018.0	2002.0	0.87518907	16.0	0.1248109299999999	-2.130006373184172
29347847	11777997	2018.0	2002.0	0.77674913	16.0	0.22325087	-1.473411538118972
29571018	11777997	2018.0	2002.0	0.34082162	16.0	0.65917838	1.434226881092105
21401624	11777997	2011.0	2002.0	0.45173615	9.0	0.54826385	0.8952319808052113
21233450	11777997	2011.0	2002.0	0.4972366	9.0	0.5027634000000001	0.598884351608859
21327916	11777997	2011.0	2002.0	0.6188336	9.0	0.3811664	-0.1930854567642216
21708977	11777997	2011.0	2002.0	0.64722604	9.0	0.35277396	-0.3780074142635361
21727202	11777997	2011.0	2002.0	0.51764816	9.0	0.48235184	0.4659424265465983
20955787	11777997	2011.0	2002.0	0.32699874	9.0	0.6730012599999999	1.707655500255973
20934999	11777997	2011.0	2002.0	0.5551207	9.0	0.4448793	0.2218811394831626
20080255	11777997	2011.0	2002.0	0.4699004	9.0	0.5300996	0.7769269437422844
22095736	11777997	2011.0	2002.0	0.60422564	9.0	0.39577436	-0.0979427864522764
21432019	11777997	2011.0	2002.0	0.4925676	9.0	0.5074324	0.6292938768051537
21303269	11777997	2011.0	2002.0	0.5457851	9.0	0.4542149	0.2826845585070508
22114897	11777997	2011.0	2002.0	0.8935796	9.0	0.1064203999999999	-1.982525467383483
22118126	11777997	2011.0	2002.0	0.035918336	9.0	0.964081664	3.603482632315471
20643135	11777997	2011.0	2002.0	0.6648644	9.0	0.3351356	-0.4928872927902716
21548739	11777997	2011.0	2002.0	0.57758504	9.0	0.42241496	0.0755693139855953
21293007	11777997	2011.0	2002.0	0.5918375	9.0	0.4081625	-0.0172579598373197
20965213	11777997	2011.0	2002.0	0.70928234	9.0	0.29071766	-0.7821844582641482
21521503	11777997	2011.0	2002.0	0.4617626	9.0	0.5382374	0.8299290071696587
21424917	11777997	2011.0	2002.0	0.42505458	9.0	0.5749454199999999	1.0690109217329715
21350179	11777997	2011.0	2002.0	0.610148	9.0	0.389852	-0.136515533430544
21445273	11777997	2011.0	2002.0	0.81456864	9.0	0.18543136	-1.4679215310152076
21960726	11777997	2011.0	2002.0	0.93016326	9.0	0.0698367399999999	-2.2207974165252047
20812863	11777997	2011.0	2002.0	0.6392501	9.0	0.3607498999999999	-0.3260595563937276
22014346	11777997	2011.0	2002.0	0.6289061	9.0	0.3710939	-0.2586883572867499
21965376	11777997	2011.0	2002.0	0.46051344	9.0	0.5394865600000001	0.8380648740564024
22009661	11777997	2011.0	2002.0	0.6543929	9.0	0.3456070999999999	-0.4246856772209839
21781250	11777997	2011.0	2002.0	0.93325466	9.0	0.0667453399999999	-2.2409319220278445
21963835	11777997	2011.0	2002.0	0.5760103	9.0	0.4239897	0.0858257062982135
21258010	11777997	2011.0	2002.0	0.47959155	9.0	0.52040845	0.7138078025758513
20506335	11777997	2011.0	2002.0	0.6071544	9.0	0.3928456	-0.1170180062025229
21887363	11777997	2011.0	2002.0	0.60311866	9.0	0.3968813399999999	-0.0907329478997396
21678304	11777997	2011.0	2002.0	0.5127064	9.0	0.4872936	0.4981284567959117
21883903	11777997	2011.0	2002.0	0.40270585	9.0	0.59729415	1.2145697711740082
21652595	11777997	2011.0	2002.0	0.5966531	9.0	0.4033468999999999	-0.0486223011385149
21919883	11777997	2011.0	2002.0	0.67732424	9.0	0.32267576	-0.57403910654521
21919877	11777997	2011.0	2002.0	0.5607446	9.0	0.4392553999999999	0.1852522834644338
21175550	11777997	2011.0	2002.0	0.67766523	9.0	0.32233477	-0.5762599983842942
21090918	11777997	2011.0	2002.0	0.54812044	9.0	0.4518795599999999	0.2674743249298573
24753018	11777997	2014.0	2002.0	0.5155374	12.0	0.4844625999999999	0.3698646350849737
25133793	11777997	2014.0	2002.0	0.5340366	12.0	0.4659634	0.2473553778366609
25132481	11777997	2014.0	2002.0	0.4035915	12.0	0.5964085	1.1112161022291718
24838077	11777997	2014.0	2002.0	0.8604982	12.0	0.1395018	-1.9146066603107144
24766806	11777997	2014.0	2002.0	0.5765948	12.0	0.4234052	-0.0344824028146732
24743881	11777997	2014.0	2002.0	0.67886317	12.0	0.32113683	-0.7117453141133065
25048407	11777997	2014.0	2002.0	0.51762015	12.0	0.48237985	0.3560718140152024
25258403	11777997	2014.0	2002.0	0.64454883	12.0	0.35545117	-0.4845017410741435
24762743	11777997	2014.0	2002.0	0.48008212	12.0	0.5199178799999999	0.6046639787501576
24672794	11777997	2014.0	2002.0	0.5925091	12.0	0.4074909	-0.1398733966212615
25108892	11777997	2014.0	2002.0	0.6014022	12.0	0.3985978	-0.1987671366551533
24797668	11777997	2014.0	2002.0	0.55465865	12.0	0.4453413499999999	0.110787740942223
24123919	11777997	2014.0	2002.0	0.3868612	12.0	0.6131388	1.2220109812802362
24560960	11777997	2014.0	2002.0	0.51803684	12.0	0.4819631599999999	0.353312322664073
24926741	11777997	2014.0	2002.0	0.57188374	12.0	0.42811626	-0.00328383955506
24998410	11777997	2014.0	2002.0	0.61538917	12.0	0.3846108299999999	-0.2913945641036076
24898748	11777997	2014.0	2002.0	0.51354855	12.0	0.48645145	0.3830356120071277
25459343	11777997	2014.0	2002.0	0.51527494	12.0	0.48472506	0.3716027523904464
24378637	11777997	2014.0	2002.0	0.68047774	12.0	0.3195222599999999	-0.7224376560240605
23674056	11777997	2014.0	2002.0	0.49436843	12.0	0.50563157	0.5100541995748885
25183295	11777997	2014.0	2002.0	0.43118998	12.0	0.56881002	0.928447696785562
24318213	11777997	2014.0	2002.0	0.57519126	12.0	0.42480874	-0.0251875877460057
23844738	11777997	2014.0	2002.0	0.50446403	12.0	0.49553597	0.4431970134546201
23844734	11777997	2014.0	2002.0	0.62594885	12.0	0.37405115	-0.3613250775085042
24897618	11777997	2014.0	2002.0	0.6598606	12.0	0.3401394	-0.5859025351548072
27101927	11777997	2016.0	2002.0	0.38848495	14.0	0.61151505	1.1618528008006286
27335447	11777997	2016.0	2002.0	0.6189774	14.0	0.3810226	-0.3716456605377399
26846638	11777997	2016.0	2002.0	0.62578994	14.0	0.37421006	-0.4169704406240554
26725880	11777997	2016.0	2002.0	0.53508973	14.0	0.4649102699999999	0.186470724056466
27542008	11777997	2016.0	2002.0	0.55501086	14.0	0.44498914	0.0539326639025583
26768743	11777997	2016.0	2002.0	0.6322285	14.0	0.3677715	-0.459807079538843
27283528	11777997	2016.0	2002.0	0.6344142	14.0	0.3655857999999999	-0.4743488469023613
26635186	11777997	2016.0	2002.0	0.3958956	14.0	0.6041044	1.112548711349902
27516007	11777997	2016.0	2002.0	0.52078223	14.0	0.47921777	0.2816605197985771
26863343	11777997	2016.0	2002.0	0.42930108	14.0	0.57069892	0.890297387368272
27266812	11777997	2016.0	2002.0	0.4742791	14.0	0.5257209	0.5910523384998762
26749344	11777997	2016.0	2002.0	0.34172636	14.0	0.65827364	1.4729442305604827
26474510	11777997	2016.0	2002.0	0.47336954	14.0	0.52663046	0.5971037682126277
27095490	11777997	2016.0	2002.0	0.5824537	14.0	0.4175463	-0.1286483833931556
27094722	11777997	2016.0	2002.0	0.7339549	14.0	0.2660451	-1.1366070262507264
27062199	11777997	2016.0	2002.0	0.4024822	14.0	0.5975178	1.0687271416392616
28475697	11777997	2017.0	2002.0	0.45710927	15.0	0.54289073	0.6795218262392868
28829419	11777997	2017.0	2002.0	0.436944	15.0	0.563056	0.8136744800617293
29037258	11777997	2017.0	2002.0	0.33650166	15.0	0.6634983400000001	1.481883061803311
28194324	11777997	2017.0	2002.0	0.44064862	15.0	0.5593513800000001	0.7890289085219637
28297574	11777997	2017.0	2002.0	0.53979003	15.0	0.4602099699999999	0.1294749697351863
29022266	11777997	2017.0	2002.0	0.51169765	15.0	0.48830235	0.3163639788676456
28355297	11777997	2017.0	2002.0	0.6618181	15.0	0.3381819	-0.682336101047935
27916652	11777997	2017.0	2002.0	0.75887346	15.0	0.24112654	-1.3280122616791847
